Name,Unit,Query,Min/max,Min/max clusters,Min/max clusters (1000x)
Partitions scanned,,1,2,2,2
Partitions scanned,,2,1,1,1
Partitions scanned,,3,1,1,1
Partitions scanned,,4,2,2,2
Partitions scanned,,5,2,2,2
Partitions scanned,,6,2,2,2
Partitions scanned,,7,1,1,1
Partitions scanned,,8,2,2,2
Partitions scanned,,9,2,2,2
Partitions scanned,,10,2,2,2
Partitions scanned,,11,2,2,2
Partitions scanned,,12,2,2,2
Partitions scanned,,13,1,1,1
Partitions scanned,,14,2,2,2
Partitions scanned,,15,1,1,1
Partitions scanned,,16,1,1,1
Partitions scanned,,17,1,1,1
Partitions scanned,,18,1,1,1
Partitions scanned,,19,2,2,2
Partitions scanned,,20,2,2,2
Partitions scanned,,21,2,2,2
Partitions scanned,,22,1,1,1
Partitions scanned,,23,2,2,2
Partitions scanned,,24,2,2,2
Partitions scanned,,25,2,2,2
Partitions scanned,,26,1,1,1
Partitions scanned,,27,1,1,1
Partitions scanned,,28,2,2,2
Partitions scanned,,29,1,1,1
Partitions scanned,,30,2,2,2
Partitions scanned,,31,2,2,2
Partitions scanned,,32,2,2,2
Partitions scanned,,33,2,2,2
Partitions scanned,,34,2,2,2
Partitions scanned,,35,1,1,1
Partitions scanned,,36,2,2,2
Partitions scanned,,37,2,2,2
Partitions scanned,,38,1,1,1
Partitions scanned,,39,2,2,2
Partitions scanned,,40,2,2,2
Partitions scanned,,41,2,2,2
Partitions scanned,,42,2,2,2
Partitions scanned,,43,1,1,1
Partitions scanned,,44,2,2,2
Partitions scanned,,45,2,2,2
Partitions scanned,,46,1,1,1
Partitions scanned,,47,2,2,2
Partitions scanned,,48,1,1,1
Partitions scanned,,49,1,1,1
Partitions scanned,,50,1,1,1
Partitions scanned,,51,2,2,2
Partitions scanned,,52,1,1,1
Partitions scanned,,53,1,1,1
Partitions scanned,,54,2,2,2
Partitions scanned,,55,1,1,1
Partitions scanned,,56,2,2,2
Partitions scanned,,57,2,2,2
Partitions scanned,,58,2,2,2
Partitions scanned,,59,2,2,2
Partitions scanned,,60,2,2,2
Partitions scanned,,61,1,1,1
Partitions scanned,,62,2,2,2
Partitions scanned,,63,2,2,2
Partitions scanned,,64,2,2,2
Partitions scanned,,65,2,2,2
Partitions scanned,,66,2,2,2
Partitions scanned,,67,2,2,2
Partitions scanned,,68,2,2,2
Partitions scanned,,69,2,2,2
Partitions scanned,,70,1,1,1
Partitions scanned,,71,1,1,1
Partitions scanned,,72,2,2,2
Partitions scanned,,73,1,1,1
Partitions scanned,,74,2,2,2
Partitions scanned,,75,2,2,2
Partitions scanned,,76,2,2,2
Partitions scanned,,77,2,2,2
Partitions scanned,,78,2,2,2
Partitions scanned,,79,1,1,1
Partitions scanned,,80,2,2,2
Partitions scanned,,81,2,2,2
Partitions scanned,,82,2,2,2
Partitions scanned,,83,2,2,2
Partitions scanned,,84,2,2,2
Partitions scanned,,85,2,2,2
Partitions scanned,,86,2,2,2
Partitions scanned,,87,2,2,2
Partitions scanned,,88,2,2,2
Partitions scanned,,89,2,2,2
Partitions scanned,,90,2,2,2
Partitions scanned,,91,2,2,2
Partitions scanned,,92,2,2,2
Partitions scanned,,93,2,2,2
Partitions scanned,,94,2,2,2
Partitions scanned,,95,1,1,1
Partitions scanned,,96,2,2,2
Partitions scanned,,97,2,2,2
Partitions scanned,,98,2,2,2
Partitions scanned,,99,1,1,1
Partitions scanned,,100,2,2,2
Partitions scanned,,101,1,1,1
Partitions scanned,,102,2,2,2
Partitions scanned,,103,2,2,2
Partitions scanned,,104,2,2,2
Partitions scanned,,105,2,2,2
Partitions scanned,,106,2,2,2
Partitions scanned,,107,2,2,2
Partitions scanned,,108,2,2,2
Partitions scanned,,109,1,1,1
Partitions scanned,,110,2,2,2
Partitions scanned,,111,1,1,1
Partitions scanned,,112,2,2,2
Partitions scanned,,113,2,2,2
Partitions scanned,,114,1,1,1
Partitions scanned,,115,1,1,1
Partitions scanned,,116,2,2,2
Partitions scanned,,117,2,2,2
Partitions scanned,,118,2,2,2
Partitions scanned,,119,2,2,2
Partitions scanned,,120,1,1,1
Partitions scanned,,121,2,2,2
Partitions scanned,,122,2,2,2
Partitions scanned,,123,2,2,2
Partitions scanned,,124,1,1,1
Partitions scanned,,125,2,2,2
Partitions scanned,,126,2,2,2
Partitions scanned,,127,2,2,2
Partitions scanned,,128,2,2,2
Partitions scanned,,129,2,2,2
Partitions scanned,,130,2,2,2
Partitions scanned,,131,1,1,1
Partitions scanned,,132,2,2,2
Partitions scanned,,133,2,2,2
Partitions scanned,,134,2,2,2
Partitions scanned,,135,2,2,2
Partitions scanned,,136,1,1,1
Partitions scanned,,137,1,1,1
Partitions scanned,,138,2,2,2
Partitions scanned,,139,2,2,2
Partitions scanned,,140,2,2,2
Partitions scanned,,141,2,2,2
Partitions scanned,,142,2,2,2
Partitions scanned,,143,2,2,2
Partitions scanned,,144,2,2,2
Partitions scanned,,145,2,2,2
Partitions scanned,,146,2,2,2
Partitions scanned,,147,2,2,2
Partitions scanned,,148,2,2,2
Partitions scanned,,149,2,2,2
Partitions scanned,,150,1,1,1
Partitions scanned,,151,2,2,2
Partitions scanned,,152,2,2,2
Partitions scanned,,153,2,2,2
Partitions scanned,,154,1,1,1
Partitions scanned,,155,2,2,2
Partitions scanned,,156,1,1,1
Partitions scanned,,157,1,1,1
Partitions scanned,,158,2,2,2
Partitions scanned,,159,1,1,1
Partitions scanned,,160,2,2,2
Partitions scanned,,161,2,2,2
Partitions scanned,,162,2,2,2
Partitions scanned,,163,2,2,2
Partitions scanned,,164,2,2,2
Partitions scanned,,165,2,2,2
Partitions scanned,,166,2,2,2
Partitions scanned,,167,2,2,2
Partitions scanned,,168,2,2,2
Partitions scanned,,169,2,2,2
Partitions scanned,,170,2,2,2
Partitions scanned,,171,1,1,1
Partitions scanned,,172,1,1,1
Partitions scanned,,173,1,1,1
Partitions scanned,,174,2,2,2
Partitions scanned,,175,1,1,1
Partitions scanned,,176,2,2,2
Partitions scanned,,177,2,2,2
Partitions scanned,,178,2,2,2
Partitions scanned,,179,1,1,1
Partitions scanned,,180,2,2,2
Partitions scanned,,181,1,1,1
Partitions scanned,,182,1,1,1
Partitions scanned,,183,2,2,2
Partitions scanned,,184,2,2,2
Partitions scanned,,185,1,1,1
Partitions scanned,,186,2,2,2
Partitions scanned,,187,2,2,2
Partitions scanned,,188,2,2,2
Partitions scanned,,189,1,1,1
Partitions scanned,,190,2,2,2
Partitions scanned,,191,2,2,2
Partitions scanned,,192,2,2,2
Partitions scanned,,193,2,2,2
Partitions scanned,,194,2,2,2
Partitions scanned,,195,1,1,1
Partitions scanned,,196,1,1,1
Partitions scanned,,197,2,2,2
Partitions scanned,,198,2,2,2
Partitions scanned,,199,2,2,2
Partitions scanned,,200,2,2,2
Partitions scanned,,201,1,1,1
Partitions scanned,,202,1,1,1
Partitions scanned,,203,2,2,2
Partitions scanned,,204,2,2,2
Partitions scanned,,205,2,2,2
Partitions scanned,,206,1,1,1
Partitions scanned,,207,1,1,1
Partitions scanned,,208,2,2,2
Partitions scanned,,209,2,2,2
Partitions scanned,,210,2,2,2
Partitions scanned,,211,1,1,1
Partitions scanned,,212,1,1,1
Partitions scanned,,213,1,1,1
Partitions scanned,,214,2,2,2
Partitions scanned,,215,2,2,2
Partitions scanned,,216,1,1,1
Partitions scanned,,217,1,1,1
Partitions scanned,,218,2,2,2
Partitions scanned,,219,1,1,1
Partitions scanned,,220,1,1,1
Partitions scanned,,221,2,2,2
Partitions scanned,,222,2,2,2
Partitions scanned,,223,1,1,1
Partitions scanned,,224,2,2,2
Partitions scanned,,225,2,2,2
Partitions scanned,,226,2,2,2
Partitions scanned,,227,2,2,2
Partitions scanned,,228,1,1,1
Partitions scanned,,229,2,2,2
Partitions scanned,,230,2,2,2
Partitions scanned,,231,2,2,2
Partitions scanned,,232,2,2,2
Partitions scanned,,233,1,1,1
Partitions scanned,,234,2,2,2
Partitions scanned,,235,2,2,2
Partitions scanned,,236,1,1,1
Partitions scanned,,237,2,2,2
Partitions scanned,,238,1,1,1
Partitions scanned,,239,2,2,2
Partitions scanned,,240,2,2,2
Partitions scanned,,241,2,2,2
Partitions scanned,,242,2,2,2
Partitions scanned,,243,2,2,2
Partitions scanned,,244,2,2,2
Partitions scanned,,245,1,1,1
Partitions scanned,,246,2,2,2
Partitions scanned,,247,2,2,2
Partitions scanned,,248,2,2,2
Partitions scanned,,249,2,2,2
Partitions scanned,,250,2,2,2
Partitions scanned,,251,1,1,1
Partitions scanned,,252,2,2,2
Partitions scanned,,253,2,2,2
Partitions scanned,,254,2,2,2
Partitions scanned,,255,2,2,2
Partitions scanned,,256,2,2,2
Partitions scanned,,257,1,1,1
Partitions scanned,,258,2,2,2
Partitions scanned,,259,2,2,2
Partitions scanned,,260,2,2,2
Partitions scanned,,261,2,2,2
Partitions scanned,,262,2,2,2
Partitions scanned,,263,2,2,2
Partitions scanned,,264,1,1,1
Partitions scanned,,265,2,2,2
Partitions scanned,,266,2,2,2
Partitions scanned,,267,2,2,2
Partitions scanned,,268,2,2,2
Partitions scanned,,269,1,1,1
Partitions scanned,,270,2,2,2
Partitions scanned,,271,2,2,2
Partitions scanned,,272,2,2,2
Partitions scanned,,273,2,2,2
Partitions scanned,,274,1,1,1
Partitions scanned,,275,1,1,1
Partitions scanned,,276,1,1,1
Partitions scanned,,277,2,2,2
Partitions scanned,,278,2,2,2
Partitions scanned,,279,2,2,2
Partitions scanned,,280,2,2,2
Partitions scanned,,281,2,2,2
Partitions scanned,,282,2,2,2
Partitions scanned,,283,1,1,1
Partitions scanned,,284,1,1,1
Partitions scanned,,285,1,1,1
Partitions scanned,,286,1,1,1
Partitions scanned,,287,2,2,2
Partitions scanned,,288,2,2,2
Partitions scanned,,289,2,2,2
Partitions scanned,,290,2,2,2
Partitions scanned,,291,2,2,2
Partitions scanned,,292,2,2,2
Partitions scanned,,293,2,2,2
Partitions scanned,,294,1,1,1
Partitions scanned,,295,2,2,2
Partitions scanned,,296,1,1,1
Partitions scanned,,297,2,2,2
Partitions scanned,,298,2,2,2
Partitions scanned,,299,2,2,2
Partitions scanned,,300,2,2,2
Partitions scanned,,301,2,2,2
Partitions scanned,,302,1,1,1
Partitions scanned,,303,2,2,2
Partitions scanned,,304,1,1,1
Partitions scanned,,305,2,2,2
Partitions scanned,,306,2,2,2
Partitions scanned,,307,2,2,2
Partitions scanned,,308,2,2,2
Partitions scanned,,309,2,2,2
Partitions scanned,,310,2,2,2
Partitions scanned,,311,2,2,2
Partitions scanned,,312,1,1,1
Partitions scanned,,313,2,2,2
Partitions scanned,,314,2,2,2
Partitions scanned,,315,2,2,2
Partitions scanned,,316,2,2,2
Partitions scanned,,317,2,2,2
Partitions scanned,,318,2,2,2
Partitions scanned,,319,2,2,2
Partitions scanned,,320,2,2,2
Partitions scanned,,321,2,2,2
Partitions scanned,,322,1,1,1
Partitions scanned,,323,2,2,2
Partitions scanned,,324,2,2,2
Partitions scanned,,325,2,2,2
Partitions scanned,,326,2,2,2
Partitions scanned,,327,2,2,2
Partitions scanned,,328,2,2,2
Partitions scanned,,329,2,2,2
Partitions scanned,,330,2,2,2
Partitions scanned,,331,2,2,2
Partitions scanned,,332,2,2,2
Partitions scanned,,333,2,2,2
Partitions scanned,,334,2,2,2
Partitions scanned,,335,2,2,2
Partitions scanned,,336,1,1,1
Partitions scanned,,337,2,2,2
Partitions scanned,,338,1,1,1
Partitions scanned,,339,2,2,2
Partitions scanned,,340,2,2,2
Partitions scanned,,341,2,2,2
Partitions scanned,,342,2,2,2
Partitions scanned,,343,2,2,2
Partitions scanned,,344,1,1,1
Partitions scanned,,345,1,1,1
Partitions scanned,,346,2,2,2
Partitions scanned,,347,2,2,2
Partitions scanned,,348,2,2,2
Partitions scanned,,349,2,2,2
Partitions scanned,,350,1,1,1
Partitions scanned,,351,2,2,2
Partitions scanned,,352,2,2,2
Partitions scanned,,353,2,2,2
Partitions scanned,,354,1,1,1
Partitions scanned,,355,1,1,1
Partitions scanned,,356,2,2,2
Partitions scanned,,357,2,2,2
Partitions scanned,,358,2,2,2
Partitions scanned,,359,1,1,1
Partitions scanned,,360,1,1,1
Partitions scanned,,361,2,2,2
Partitions scanned,,362,2,2,2
Partitions scanned,,363,1,1,1
Partitions scanned,,364,2,2,2
Partitions scanned,,365,1,1,1
Partitions scanned,,366,2,2,2
Partitions scanned,,367,1,1,1
Partitions scanned,,368,1,1,1
Partitions scanned,,369,2,2,2
Partitions scanned,,370,2,2,2
Partitions scanned,,371,2,2,2
Partitions scanned,,372,2,2,2
Partitions scanned,,373,2,2,2
Partitions scanned,,374,2,2,2
Partitions scanned,,375,2,2,2
Partitions scanned,,376,1,1,1
Partitions scanned,,377,2,2,2
Partitions scanned,,378,2,2,2
Partitions scanned,,379,2,2,2
Partitions scanned,,380,2,2,2
Partitions scanned,,381,1,1,1
Partitions scanned,,382,2,2,2
Partitions scanned,,383,2,2,2
Partitions scanned,,384,2,2,2
Partitions scanned,,385,1,1,1
Partitions scanned,,386,2,2,2
Partitions scanned,,387,1,1,1
Partitions scanned,,388,2,2,2
Partitions scanned,,389,2,2,2
Partitions scanned,,390,1,1,1
Partitions scanned,,391,1,1,1
Partitions scanned,,392,2,2,2
Partitions scanned,,393,2,2,2
Partitions scanned,,394,1,1,1
Partitions scanned,,395,2,2,2
Partitions scanned,,396,2,2,2
Partitions scanned,,397,2,2,2
Partitions scanned,,398,2,2,2
Partitions scanned,,399,2,2,2
Partitions scanned,,400,1,1,1
Partitions scanned,,401,1,1,1
Partitions scanned,,402,1,1,1
Partitions scanned,,403,2,2,2
Partitions scanned,,404,2,2,2
Partitions scanned,,405,2,2,2
Partitions scanned,,406,2,2,2
Partitions scanned,,407,1,1,1
Partitions scanned,,408,1,1,1
Partitions scanned,,409,2,2,2
Partitions scanned,,410,1,1,1
Partitions scanned,,411,2,2,2
Partitions scanned,,412,2,2,2
Partitions scanned,,413,2,2,2
Partitions scanned,,414,1,1,1
Partitions scanned,,415,2,2,2
Partitions scanned,,416,1,1,1
Partitions scanned,,417,1,1,1
Partitions scanned,,418,2,2,2
Partitions scanned,,419,2,2,2
Partitions scanned,,420,2,2,2
Partitions scanned,,421,2,2,2
Partitions scanned,,422,2,2,2
Partitions scanned,,423,2,2,2
Partitions scanned,,424,1,1,1
Partitions scanned,,425,1,1,1
Partitions scanned,,426,2,2,2
Partitions scanned,,427,1,1,1
Partitions scanned,,428,2,2,2
Partitions scanned,,429,1,1,1
Partitions scanned,,430,1,1,1
Partitions scanned,,431,2,2,2
Partitions scanned,,432,2,2,2
Partitions scanned,,433,2,2,2
Partitions scanned,,434,2,2,2
Partitions scanned,,435,2,2,2
Partitions scanned,,436,2,2,2
Partitions scanned,,437,2,2,2
Partitions scanned,,438,2,2,2
Partitions scanned,,439,1,1,1
Partitions scanned,,440,2,2,2
Partitions scanned,,441,2,2,2
Partitions scanned,,442,2,2,2
Partitions scanned,,443,1,1,1
Partitions scanned,,444,1,1,1
Partitions scanned,,445,2,2,2
Partitions scanned,,446,2,2,2
Partitions scanned,,447,1,1,1
Partitions scanned,,448,2,2,2
Partitions scanned,,449,2,2,2
Partitions scanned,,450,1,1,1
Partitions scanned,,451,2,2,2
Partitions scanned,,452,2,2,2
Partitions scanned,,453,2,2,2
Partitions scanned,,454,2,2,2
Partitions scanned,,455,2,2,2
Partitions scanned,,456,2,2,2
Partitions scanned,,457,2,2,2
Partitions scanned,,458,2,2,2
Partitions scanned,,459,1,1,1
Partitions scanned,,460,2,2,2
Partitions scanned,,461,1,1,1
Partitions scanned,,462,2,2,2
Partitions scanned,,463,1,1,1
Partitions scanned,,464,2,2,2
Partitions scanned,,465,1,1,1
Partitions scanned,,466,1,1,1
Partitions scanned,,467,2,2,2
Partitions scanned,,468,2,2,2
Partitions scanned,,469,2,2,2
Partitions scanned,,470,2,2,2
Partitions scanned,,471,2,2,2
Partitions scanned,,472,2,2,2
Partitions scanned,,473,2,2,2
Partitions scanned,,474,1,1,1
Partitions scanned,,475,2,2,2
Partitions scanned,,476,2,2,2
Partitions scanned,,477,2,2,2
Partitions scanned,,478,2,2,2
Partitions scanned,,479,2,2,2
Partitions scanned,,480,1,1,1
Partitions scanned,,481,2,2,2
Partitions scanned,,482,1,1,1
Partitions scanned,,483,2,2,2
Partitions scanned,,484,2,2,2
Partitions scanned,,485,2,2,2
Partitions scanned,,486,2,2,2
Partitions scanned,,487,2,2,2
Partitions scanned,,488,1,1,1
Partitions scanned,,489,2,2,2
Partitions scanned,,490,2,2,2
Partitions scanned,,491,2,2,2
Partitions scanned,,492,2,2,2
Partitions scanned,,493,2,2,2
Partitions scanned,,494,2,2,2
Partitions scanned,,495,2,2,2
Partitions scanned,,496,1,1,1
Partitions scanned,,497,2,2,2
Partitions scanned,,498,1,1,1
Partitions scanned,,499,1,1,1
Partitions scanned,,500,2,2,2
Partitions scanned,,501,2,2,2
Partitions scanned,,502,1,1,1
Partitions scanned,,503,1,1,1
Partitions scanned,,504,1,1,1
Partitions scanned,,505,1,1,1
Partitions scanned,,506,1,1,1
Partitions scanned,,507,2,2,2
Partitions scanned,,508,2,2,2
Partitions scanned,,509,1,1,1
Partitions scanned,,510,2,2,2
Partitions scanned,,511,2,2,2
Partitions scanned,,512,2,2,2
Partitions scanned,,513,2,2,2
Partitions scanned,,514,2,2,2
Partitions scanned,,515,1,1,1
Partitions scanned,,516,1,1,1
Partitions scanned,,517,2,2,2
Partitions scanned,,518,2,2,2
Partitions scanned,,519,2,2,2
Partitions scanned,,520,1,1,1
Partitions scanned,,521,2,2,2
Partitions scanned,,522,2,2,2
Partitions scanned,,523,2,2,2
Partitions scanned,,524,2,2,2
Partitions scanned,,525,1,1,1
Partitions scanned,,526,1,1,1
Partitions scanned,,527,2,2,2
Partitions scanned,,528,1,1,1
Partitions scanned,,529,2,2,2
Partitions scanned,,530,2,2,2
Partitions scanned,,531,2,2,2
Partitions scanned,,532,2,2,2
Partitions scanned,,533,1,1,1
Partitions scanned,,534,2,2,2
Partitions scanned,,535,2,2,2
Partitions scanned,,536,1,1,1
Partitions scanned,,537,2,2,2
Partitions scanned,,538,2,2,2
Partitions scanned,,539,2,2,2
Partitions scanned,,540,2,2,2
Partitions scanned,,541,2,2,2
Partitions scanned,,542,1,1,1
Partitions scanned,,543,2,2,2
Partitions scanned,,544,1,1,1
Partitions scanned,,545,2,2,2
Partitions scanned,,546,2,2,2
Partitions scanned,,547,1,1,1
Partitions scanned,,548,2,2,2
Partitions scanned,,549,2,2,2
Partitions scanned,,550,2,2,2
Partitions scanned,,551,2,2,2
Partitions scanned,,552,1,1,1
Partitions scanned,,553,2,2,2
Partitions scanned,,554,2,2,2
Partitions scanned,,555,2,2,2
Partitions scanned,,556,1,1,1
Partitions scanned,,557,2,2,2
Partitions scanned,,558,2,2,2
Partitions scanned,,559,1,1,1
Partitions scanned,,560,1,1,1
Partitions scanned,,561,2,2,2
Partitions scanned,,562,2,2,2
Partitions scanned,,563,2,2,2
Partitions scanned,,564,2,2,2
Partitions scanned,,565,2,2,2
Partitions scanned,,566,2,2,2
Partitions scanned,,567,2,2,2
Partitions scanned,,568,2,2,2
Partitions scanned,,569,1,1,1
Partitions scanned,,570,1,1,1
Partitions scanned,,571,1,1,1
Partitions scanned,,572,2,2,2
Partitions scanned,,573,1,1,1
Partitions scanned,,574,2,2,2
Partitions scanned,,575,2,2,2
Partitions scanned,,576,1,1,1
Partitions scanned,,577,2,2,2
Partitions scanned,,578,2,2,2
Partitions scanned,,579,2,2,2
Partitions scanned,,580,2,2,2
Partitions scanned,,581,2,2,2
Partitions scanned,,582,2,2,2
Partitions scanned,,583,2,2,2
Partitions scanned,,584,1,1,1
Partitions scanned,,585,2,2,2
Partitions scanned,,586,2,2,2
Partitions scanned,,587,2,2,2
Partitions scanned,,588,2,2,2
Partitions scanned,,589,2,2,2
Partitions scanned,,590,1,1,1
Partitions scanned,,591,2,2,2
Partitions scanned,,592,2,2,2
Partitions scanned,,593,2,2,2
Partitions scanned,,594,2,2,2
Partitions scanned,,595,2,2,2
Partitions scanned,,596,2,2,2
Partitions scanned,,597,1,1,1
Partitions scanned,,598,2,2,2
Partitions scanned,,599,2,2,2
Partitions scanned,,600,2,2,2
Partitions scanned,,601,1,1,1
Partitions scanned,,602,2,2,2
Partitions scanned,,603,1,1,1
Partitions scanned,,604,1,1,1
Partitions scanned,,605,1,1,1
Partitions scanned,,606,2,2,2
Partitions scanned,,607,2,2,2
Partitions scanned,,608,2,2,2
Partitions scanned,,609,1,1,1
Partitions scanned,,610,2,2,2
Partitions scanned,,611,2,2,2
Partitions scanned,,612,2,2,2
Partitions scanned,,613,2,2,2
Partitions scanned,,614,1,1,1
Partitions scanned,,615,1,1,1
Partitions scanned,,616,2,2,2
Partitions scanned,,617,2,2,2
Partitions scanned,,618,2,2,2
Partitions scanned,,619,1,1,1
Partitions scanned,,620,2,2,2
Partitions scanned,,621,2,2,2
Partitions scanned,,622,2,2,2
Partitions scanned,,623,2,2,2
Partitions scanned,,624,2,2,2
Partitions scanned,,625,2,2,2
Partitions scanned,,626,2,2,2
Partitions scanned,,627,1,1,1
Partitions scanned,,628,2,2,2
Partitions scanned,,629,1,1,1
Partitions scanned,,630,2,2,2
Partitions scanned,,631,2,2,2
Partitions scanned,,632,1,1,1
Partitions scanned,,633,1,1,1
Partitions scanned,,634,1,1,1
Partitions scanned,,635,2,2,2
Partitions scanned,,636,2,2,2
Partitions scanned,,637,1,1,1
Partitions scanned,,638,2,2,2
Partitions scanned,,639,2,2,2
Partitions scanned,,640,1,1,1
Partitions scanned,,641,2,2,2
Partitions scanned,,642,1,1,1
Partitions scanned,,643,2,2,2
Partitions scanned,,644,2,2,2
Partitions scanned,,645,1,1,1
Partitions scanned,,646,2,2,2
Partitions scanned,,647,1,1,1
Partitions scanned,,648,2,2,2
Partitions scanned,,649,2,2,2
Partitions scanned,,650,2,2,2
Partitions scanned,,651,2,2,2
Partitions scanned,,652,2,2,2
Partitions scanned,,653,2,2,2
Partitions scanned,,654,2,2,2
Partitions scanned,,655,1,1,1
Partitions scanned,,656,2,2,2
Partitions scanned,,657,2,2,2
Partitions scanned,,658,2,2,2
Partitions scanned,,659,2,2,2
Partitions scanned,,660,2,2,2
Partitions scanned,,661,2,2,2
Partitions scanned,,662,1,1,1
Partitions scanned,,663,2,2,2
Partitions scanned,,664,2,2,2
Partitions scanned,,665,1,1,1
Partitions scanned,,666,2,2,2
Partitions scanned,,667,1,1,1
Partitions scanned,,668,2,2,2
Partitions scanned,,669,2,2,2
Partitions scanned,,670,2,2,2
Partitions scanned,,671,2,2,2
Partitions scanned,,672,2,2,2
Partitions scanned,,673,1,1,1
Partitions scanned,,674,2,2,2
Partitions scanned,,675,2,2,2
Partitions scanned,,676,2,2,2
Partitions scanned,,677,2,2,2
Partitions scanned,,678,1,1,1
Partitions scanned,,679,2,2,2
Partitions scanned,,680,2,2,2
Partitions scanned,,681,2,2,2
Partitions scanned,,682,2,2,2
Partitions scanned,,683,2,2,2
Partitions scanned,,684,1,1,1
Partitions scanned,,685,1,1,1
Partitions scanned,,686,2,2,2
Partitions scanned,,687,2,2,2
Partitions scanned,,688,2,2,2
Partitions scanned,,689,2,2,2
Partitions scanned,,690,2,2,2
Partitions scanned,,691,2,2,2
Partitions scanned,,692,1,1,1
Partitions scanned,,693,1,1,1
Partitions scanned,,694,2,2,2
Partitions scanned,,695,2,2,2
Partitions scanned,,696,2,2,2
Partitions scanned,,697,1,1,1
Partitions scanned,,698,1,1,1
Partitions scanned,,699,2,2,2
Partitions scanned,,700,2,2,2
Partitions scanned,,701,2,2,2
Partitions scanned,,702,2,2,2
Partitions scanned,,703,2,2,2
Partitions scanned,,704,2,2,2
Partitions scanned,,705,2,2,2
Partitions scanned,,706,2,2,2
Partitions scanned,,707,2,2,2
Partitions scanned,,708,2,2,2
Partitions scanned,,709,2,2,2
Partitions scanned,,710,1,1,1
Partitions scanned,,711,2,2,2
Partitions scanned,,712,2,2,2
Partitions scanned,,713,1,1,1
Partitions scanned,,714,2,2,2
Partitions scanned,,715,2,2,2
Partitions scanned,,716,1,1,1
Partitions scanned,,717,2,2,2
Partitions scanned,,718,2,2,2
Partitions scanned,,719,2,2,2
Partitions scanned,,720,1,1,1
Partitions scanned,,721,2,2,2
Partitions scanned,,722,2,2,2
Partitions scanned,,723,1,1,1
Partitions scanned,,724,1,1,1
Partitions scanned,,725,1,1,1
Partitions scanned,,726,2,2,2
Partitions scanned,,727,1,1,1
Partitions scanned,,728,1,1,1
Partitions scanned,,729,2,2,2
Partitions scanned,,730,1,1,1
Partitions scanned,,731,2,2,2
Partitions scanned,,732,2,2,2
Partitions scanned,,733,2,2,2
Partitions scanned,,734,2,2,2
Partitions scanned,,735,1,1,1
Partitions scanned,,736,2,2,2
Partitions scanned,,737,2,2,2
Partitions scanned,,738,1,1,1
Partitions scanned,,739,1,1,1
Partitions scanned,,740,2,2,2
Partitions scanned,,741,1,1,1
Partitions scanned,,742,2,2,2
Partitions scanned,,743,1,1,1
Partitions scanned,,744,2,2,2
Partitions scanned,,745,1,1,1
Partitions scanned,,746,1,1,1
Partitions scanned,,747,1,1,1
Partitions scanned,,748,1,1,1
Partitions scanned,,749,2,2,2
Partitions scanned,,750,2,2,2
Partitions scanned,,751,2,2,2
Partitions scanned,,752,2,2,2
Partitions scanned,,753,2,2,2
Partitions scanned,,754,2,2,2
Partitions scanned,,755,1,1,1
Partitions scanned,,756,1,1,1
Partitions scanned,,757,2,2,2
Partitions scanned,,758,1,1,1
Partitions scanned,,759,1,1,1
Partitions scanned,,760,2,2,2
Partitions scanned,,761,2,2,2
Partitions scanned,,762,1,1,1
Partitions scanned,,763,2,2,2
Partitions scanned,,764,2,2,2
Partitions scanned,,765,2,2,2
Partitions scanned,,766,2,2,2
Partitions scanned,,767,2,2,2
Partitions scanned,,768,2,2,2
Partitions scanned,,769,2,2,2
Partitions scanned,,770,2,2,2
Partitions scanned,,771,1,1,1
Partitions scanned,,772,2,2,2
Partitions scanned,,773,2,2,2
Partitions scanned,,774,2,2,2
Partitions scanned,,775,2,2,2
Partitions scanned,,776,2,2,2
Partitions scanned,,777,2,2,2
Partitions scanned,,778,2,2,2
Partitions scanned,,779,1,1,1
Partitions scanned,,780,1,1,1
Partitions scanned,,781,1,1,1
Partitions scanned,,782,2,2,2
Partitions scanned,,783,2,2,2
Partitions scanned,,784,1,1,1
Partitions scanned,,785,2,2,2
Partitions scanned,,786,2,2,2
Partitions scanned,,787,2,2,2
Partitions scanned,,788,2,2,2
Partitions scanned,,789,2,2,2
Partitions scanned,,790,1,1,1
Partitions scanned,,791,1,1,1
Partitions scanned,,792,1,1,1
Partitions scanned,,793,2,2,2
Partitions scanned,,794,1,1,1
Partitions scanned,,795,2,2,2
Partitions scanned,,796,2,2,2
Partitions scanned,,797,1,1,1
Partitions scanned,,798,2,2,2
Partitions scanned,,799,1,1,1
Partitions scanned,,800,2,2,2
Partitions scanned,,801,1,1,1
Partitions scanned,,802,2,2,2
Partitions scanned,,803,2,2,2
Partitions scanned,,804,1,1,1
Partitions scanned,,805,1,1,1
Partitions scanned,,806,2,2,2
Partitions scanned,,807,2,2,2
Partitions scanned,,808,2,2,2
Partitions scanned,,809,1,1,1
Partitions scanned,,810,1,1,1
Partitions scanned,,811,2,2,2
Partitions scanned,,812,2,2,2
Partitions scanned,,813,1,1,1
Partitions scanned,,814,1,1,1
Partitions scanned,,815,2,2,2
Partitions scanned,,816,1,1,1
Partitions scanned,,817,2,2,2
Partitions scanned,,818,2,2,2
Partitions scanned,,819,2,2,2
Partitions scanned,,820,2,2,2
Partitions scanned,,821,2,2,2
Partitions scanned,,822,1,1,1
Partitions scanned,,823,2,2,2
Partitions scanned,,824,2,2,2
Partitions scanned,,825,1,1,1
Partitions scanned,,826,1,1,1
Partitions scanned,,827,2,2,2
Partitions scanned,,828,2,2,2
Partitions scanned,,829,2,2,2
Partitions scanned,,830,2,2,2
Partitions scanned,,831,1,1,1
Partitions scanned,,832,2,2,2
Partitions scanned,,833,1,1,1
Partitions scanned,,834,2,2,2
Partitions scanned,,835,1,1,1
Partitions scanned,,836,2,2,2
Partitions scanned,,837,2,2,2
Partitions scanned,,838,2,2,2
Partitions scanned,,839,2,2,2
Partitions scanned,,840,2,2,2
Partitions scanned,,841,2,2,2
Partitions scanned,,842,1,1,1
Partitions scanned,,843,2,2,2
Partitions scanned,,844,2,2,2
Partitions scanned,,845,2,2,2
Partitions scanned,,846,2,2,2
Partitions scanned,,847,2,2,2
Partitions scanned,,848,2,2,2
Partitions scanned,,849,2,2,2
Partitions scanned,,850,2,2,2
Partitions scanned,,851,2,2,2
Partitions scanned,,852,2,2,2
Partitions scanned,,853,2,2,2
Partitions scanned,,854,2,2,2
Partitions scanned,,855,1,1,1
Partitions scanned,,856,2,2,2
Partitions scanned,,857,1,1,1
Partitions scanned,,858,1,1,1
Partitions scanned,,859,2,2,2
Partitions scanned,,860,2,2,2
Partitions scanned,,861,2,2,2
Partitions scanned,,862,1,1,1
Partitions scanned,,863,2,2,2
Partitions scanned,,864,1,1,1
Partitions scanned,,865,2,2,2
Partitions scanned,,866,2,2,2
Partitions scanned,,867,1,1,1
Partitions scanned,,868,2,2,2
Partitions scanned,,869,2,2,2
Partitions scanned,,870,2,2,2
Partitions scanned,,871,2,2,2
Partitions scanned,,872,2,2,2
Partitions scanned,,873,1,1,1
Partitions scanned,,874,2,2,2
Partitions scanned,,875,1,1,1
Partitions scanned,,876,2,2,2
Partitions scanned,,877,2,2,2
Partitions scanned,,878,1,1,1
Partitions scanned,,879,1,1,1
Partitions scanned,,880,1,1,1
Partitions scanned,,881,2,2,2
Partitions scanned,,882,2,2,2
Partitions scanned,,883,2,2,2
Partitions scanned,,884,2,2,2
Partitions scanned,,885,2,2,2
Partitions scanned,,886,2,2,2
Partitions scanned,,887,2,2,2
Partitions scanned,,888,2,2,2
Partitions scanned,,889,2,2,2
Partitions scanned,,890,2,2,2
Partitions scanned,,891,2,2,2
Partitions scanned,,892,2,2,2
Partitions scanned,,893,2,2,2
Partitions scanned,,894,2,2,2
Partitions scanned,,895,2,2,2
Partitions scanned,,896,2,2,2
Partitions scanned,,897,1,1,1
Partitions scanned,,898,1,1,1
Partitions scanned,,899,1,1,1
Partitions scanned,,900,2,2,2
Partitions scanned,,901,2,2,2
Partitions scanned,,902,2,2,2
Partitions scanned,,903,1,1,1
Partitions scanned,,904,2,2,2
Partitions scanned,,905,2,2,2
Partitions scanned,,906,2,2,2
Partitions scanned,,907,2,2,2
Partitions scanned,,908,1,1,1
Partitions scanned,,909,2,2,2
Partitions scanned,,910,2,2,2
Partitions scanned,,911,1,1,1
Partitions scanned,,912,2,2,2
Partitions scanned,,913,2,2,2
Partitions scanned,,914,2,2,2
Partitions scanned,,915,1,1,1
Partitions scanned,,916,1,1,1
Partitions scanned,,917,2,2,2
Partitions scanned,,918,1,1,1
Partitions scanned,,919,1,1,1
Partitions scanned,,920,2,2,2
Partitions scanned,,921,2,2,2
Partitions scanned,,922,2,2,2
Partitions scanned,,923,2,2,2
Partitions scanned,,924,1,1,1
Partitions scanned,,925,1,1,1
Partitions scanned,,926,1,1,1
Partitions scanned,,927,1,1,1
Partitions scanned,,928,2,2,2
Partitions scanned,,929,1,1,1
Partitions scanned,,930,1,1,1
Partitions scanned,,931,2,2,2
Partitions scanned,,932,1,1,1
Partitions scanned,,933,2,2,2
Partitions scanned,,934,2,2,2
Partitions scanned,,935,2,2,2
Partitions scanned,,936,1,1,1
Partitions scanned,,937,1,1,1
Partitions scanned,,938,1,1,1
Partitions scanned,,939,2,2,2
Partitions scanned,,940,2,2,2
Partitions scanned,,941,1,1,1
Partitions scanned,,942,2,2,2
Partitions scanned,,943,2,2,2
Partitions scanned,,944,2,2,2
Partitions scanned,,945,1,1,1
Partitions scanned,,946,2,2,2
Partitions scanned,,947,2,2,2
Partitions scanned,,948,2,2,2
Partitions scanned,,949,1,1,1
Partitions scanned,,950,2,2,2
Partitions scanned,,951,2,2,2
Partitions scanned,,952,2,2,2
Partitions scanned,,953,2,2,2
Partitions scanned,,954,2,2,2
Partitions scanned,,955,1,1,1
Partitions scanned,,956,2,2,2
Partitions scanned,,957,2,2,2
Partitions scanned,,958,2,2,2
Partitions scanned,,959,2,2,2
Partitions scanned,,960,2,2,2
Partitions scanned,,961,1,1,1
Partitions scanned,,962,2,2,2
Partitions scanned,,963,2,2,2
Partitions scanned,,964,1,1,1
Partitions scanned,,965,2,2,2
Partitions scanned,,966,2,2,2
Partitions scanned,,967,2,2,2
Partitions scanned,,968,2,2,2
Partitions scanned,,969,2,2,2
Partitions scanned,,970,2,2,2
Partitions scanned,,971,2,2,2
Partitions scanned,,972,2,2,2
Partitions scanned,,973,1,1,1
Partitions scanned,,974,2,2,2
Partitions scanned,,975,2,2,2
Partitions scanned,,976,2,2,2
Partitions scanned,,977,2,2,2
Partitions scanned,,978,2,2,2
Partitions scanned,,979,1,1,1
Partitions scanned,,980,1,1,1
Partitions scanned,,981,1,1,1
Partitions scanned,,982,2,2,2
Partitions scanned,,983,2,2,2
Partitions scanned,,984,2,2,2
Partitions scanned,,985,1,1,1
Partitions scanned,,986,2,2,2
Partitions scanned,,987,2,2,2
Partitions scanned,,988,2,2,2
Partitions scanned,,989,1,1,1
Partitions scanned,,990,2,2,2
Partitions scanned,,991,2,2,2
Partitions scanned,,992,1,1,1
Partitions scanned,,993,2,2,2
Partitions scanned,,994,1,1,1
Partitions scanned,,995,1,1,1
Partitions scanned,,996,2,2,2
Partitions scanned,,997,1,1,1
Partitions scanned,,998,2,2,2
Partitions scanned,,999,2,2,2
Partitions scanned,,1000,2,2,2
