Name,Unit,Query,Min/max,Min/max clusters,Bloom filter,Dictionary,Min/max clusters (1000x),Bloom filter (1000x),Dictionary (1000x)
Partitions scanned,,1,122071,113777,74563,122071,74631,25489,122071
Partitions scanned,,2,122071,113873,51840,122071,75306,17746,122071
Partitions scanned,,3,122071,113815,61900,122071,75272,17860,122071
Partitions scanned,,4,122071,113922,32933,122071,75711,9158,122071
Partitions scanned,,5,122071,113746,51676,122071,75710,17645,122071
Partitions scanned,,6,122071,113731,61757,122071,74479,17651,122071
Partitions scanned,,7,122071,114141,70216,122071,76292,17584,122071
Partitions scanned,,8,122071,113954,66685,122071,75857,9257,122071
Partitions scanned,,9,122071,113719,46113,122071,75613,9196,122071
Partitions scanned,,10,122071,113910,66434,122071,76183,17771,122071
Partitions scanned,,11,122071,113648,74629,122071,74410,9071,122071
Partitions scanned,,12,122071,113882,45990,122071,75376,9303,122071
Partitions scanned,,13,122071,113866,66223,122071,76151,17938,122071
Partitions scanned,,14,122071,113668,51589,122071,74772,9160,122071
Partitions scanned,,15,122071,113906,51896,122071,75966,9174,122071
Partitions scanned,,16,122071,113906,66326,122071,74853,25491,122071
Partitions scanned,,17,122071,113585,61788,122071,74431,9123,122071
Partitions scanned,,18,122071,113947,51499,122071,76189,17509,122071
Partitions scanned,,19,122071,114058,61948,122071,76070,17785,122071
Partitions scanned,,20,122071,113987,74500,122071,76166,25351,122071
Partitions scanned,,21,122071,114163,74356,122071,76323,25676,122071
Partitions scanned,,22,122071,113950,57142,122071,75291,18011,122071
Partitions scanned,,23,122071,113949,66576,122071,74562,9455,122071
Partitions scanned,,24,122071,113929,39704,122071,75646,9143,122071
Partitions scanned,,25,122071,114170,70661,122071,76634,25579,122071
Partitions scanned,,26,122071,113970,94509,122071,75910,9145,122071
Partitions scanned,,27,122071,113991,74277,122071,76119,17692,122071
Partitions scanned,,28,122071,113710,45906,122071,74224,9256,122071
Partitions scanned,,29,122071,113748,39395,122071,75694,25289,122071
Partitions scanned,,30,122071,114219,77937,122071,76515,32927,122071
Partitions scanned,,31,122071,113721,57100,122071,75017,9179,122071
Partitions scanned,,32,122071,114089,51512,122071,76744,17694,122071
Partitions scanned,,33,122071,113720,51197,122071,74557,9143,122071
Partitions scanned,,34,122071,113943,70541,122071,76213,17738,122071
Partitions scanned,,35,122071,113726,45674,122071,74989,17641,122071
Partitions scanned,,36,122071,113642,39606,122071,74861,9231,122071
Partitions scanned,,37,122071,114203,74480,122071,76551,9299,122071
Partitions scanned,,38,122071,113964,25399,122071,75776,9167,122071
Partitions scanned,,39,122071,114189,77928,122071,76400,17575,122071
Partitions scanned,,40,122071,113842,57247,122071,74747,17789,122071
Partitions scanned,,41,122071,114097,56752,122071,76257,17522,122071
Partitions scanned,,42,122071,113788,74539,122071,75146,32919,122071
Partitions scanned,,43,122071,114191,61907,122071,76586,17568,122071
Partitions scanned,,44,122071,113787,66738,122071,75667,9189,122071
Partitions scanned,,45,122071,114170,51569,122071,76228,32895,122071
Partitions scanned,,46,122071,113686,51572,122071,74826,25561,122071
Partitions scanned,,47,122071,113884,39386,122071,76349,9157,122071
Partitions scanned,,48,122071,113962,39649,122071,76489,17588,122071
Partitions scanned,,49,122071,113978,66362,122071,76202,9252,122071
Partitions scanned,,50,122071,114090,61952,122071,76546,17739,122071
Partitions scanned,,51,122071,113567,66738,122071,74709,25753,122071
Partitions scanned,,52,122071,113835,70647,122071,75562,17789,122071
Partitions scanned,,53,122071,114045,81321,122071,76151,17805,122071
Partitions scanned,,54,122071,113819,70893,122071,75171,25686,122071
Partitions scanned,,55,122071,113874,74563,122071,75219,17683,122071
Partitions scanned,,56,122071,113932,51773,122071,76071,9384,122071
Partitions scanned,,57,122071,113639,66380,122071,74027,17694,122071
Partitions scanned,,58,122071,114180,51596,122071,76457,9083,122071
Partitions scanned,,59,122071,114181,57192,122071,76897,9197,122071
Partitions scanned,,60,122071,113666,62309,122071,74610,17792,122071
Partitions scanned,,61,122071,114066,51703,122071,76433,9123,122071
Partitions scanned,,62,122071,114141,51864,122071,76640,9276,122071
Partitions scanned,,63,122071,114048,51684,122071,74654,9269,122071
Partitions scanned,,64,122071,114220,57100,122071,76307,17921,122071
Partitions scanned,,65,122071,113723,46132,122071,74970,17894,122071
Partitions scanned,,66,122071,113986,45670,122071,75836,25434,122071
Partitions scanned,,67,122071,114123,56846,122071,76128,17661,122071
Partitions scanned,,68,122071,113946,66648,122071,76109,17876,122071
Partitions scanned,,69,122071,114016,57279,122071,76311,17901,122071
Partitions scanned,,70,122071,113962,56831,122071,76358,9159,122071
Partitions scanned,,71,122071,113846,66322,122071,75467,17799,122071
Partitions scanned,,72,122071,114011,39597,122071,76056,9272,122071
Partitions scanned,,73,122071,113940,61816,122071,75551,9010,122071
Partitions scanned,,74,122071,114085,61592,122071,76485,9272,122071
Partitions scanned,,75,122071,113819,51434,122071,74959,17828,122071
Partitions scanned,,76,122071,113789,81270,122071,75697,17498,122071
Partitions scanned,,77,122071,114035,57186,122071,76676,9213,122071
Partitions scanned,,78,122071,113925,61649,122071,76273,9256,122071
Partitions scanned,,79,122071,114038,39467,122071,75391,9258,122071
Partitions scanned,,80,122071,113813,56927,122071,75291,9257,122071
Partitions scanned,,81,122071,114004,66175,122071,76882,9279,122071
Partitions scanned,,82,122071,113772,70733,122071,75216,25564,122071
Partitions scanned,,83,122071,114265,84309,122071,77015,17928,122071
Partitions scanned,,84,122071,113674,57056,122071,74649,8977,122071
Partitions scanned,,85,122071,113940,51625,122071,76111,9272,122071
Partitions scanned,,86,122071,113697,45478,122071,75821,9144,122071
Partitions scanned,,87,122071,113841,84607,122071,75975,25535,122071
Partitions scanned,,88,122071,113493,57226,122071,74253,9222,122071
Partitions scanned,,89,122071,113713,51607,122071,74442,9210,122071
Partitions scanned,,90,122071,113631,56984,122071,74364,9168,122071
Partitions scanned,,91,122071,113899,57136,122071,75852,17873,122071
Partitions scanned,,92,122071,114021,51716,122071,76191,9289,122071
Partitions scanned,,93,122071,113823,46192,122071,75653,9189,122071
Partitions scanned,,94,122071,113559,51570,122071,74220,17668,122071
Partitions scanned,,95,122071,113680,66629,122071,74573,25869,122071
Partitions scanned,,96,122071,114130,56930,122071,76822,9215,122071
Partitions scanned,,97,122071,113665,51376,122071,74619,17635,122071
Partitions scanned,,98,122071,113747,51608,122071,74262,9316,122071
Partitions scanned,,99,122071,113683,74638,122071,74883,25741,122071
Partitions scanned,,100,122071,113858,57467,122071,75498,9290,122071
Partitions scanned,,101,122071,113750,57137,122071,74950,9178,122071
Partitions scanned,,102,122071,114116,66504,122071,76404,17858,122071
Partitions scanned,,103,122071,113873,51647,122071,75607,25573,122071
Partitions scanned,,104,122071,113947,57227,122071,76071,25516,122071
Partitions scanned,,105,122071,113908,77980,122071,76221,25560,122071
Partitions scanned,,106,122071,113703,51707,122071,75623,9135,122071
Partitions scanned,,107,122071,114155,56856,122071,76373,17794,122071
Partitions scanned,,108,122071,114054,89657,122071,76527,17512,122071
Partitions scanned,,109,122071,114116,56910,122071,76510,17756,122071
Partitions scanned,,110,122071,113795,61963,122071,75091,9142,122071
Partitions scanned,,111,122071,114318,66114,122071,76545,17560,122071
Partitions scanned,,112,122071,114002,51767,122071,76289,9185,122071
Partitions scanned,,113,122071,114166,56697,122071,76432,17702,122071
Partitions scanned,,114,122071,113587,74524,122071,74197,9110,122071
Partitions scanned,,115,122071,113845,75063,122071,75761,25760,122071
Partitions scanned,,116,122071,114006,51426,122071,76031,9151,122071
Partitions scanned,,117,122071,113839,57036,122071,74115,25517,122071
Partitions scanned,,118,122071,114026,80930,122071,76435,17672,122071
Partitions scanned,,119,122071,114262,74328,122071,76956,17655,122071
Partitions scanned,,120,122071,113739,61732,122071,75402,9281,122071
Partitions scanned,,121,122071,113595,45906,122071,74593,9233,122071
Partitions scanned,,122,122071,114107,62030,122071,76368,9177,122071
Partitions scanned,,123,122071,114042,62016,122071,76298,9264,122071
Partitions scanned,,124,122071,113917,33008,122071,76112,25630,122071
Partitions scanned,,125,122071,114110,51645,122071,76184,9100,122071
Partitions scanned,,126,122071,113697,62097,122071,74457,9195,122071
Partitions scanned,,127,122071,113614,74817,122071,74364,17969,122071
Partitions scanned,,128,122071,113921,61955,122071,75739,17882,122071
Partitions scanned,,129,122071,113800,45788,122071,75469,17660,122071
Partitions scanned,,130,122071,113760,81435,122071,75744,17795,122071
Partitions scanned,,131,122071,113985,66362,122071,75749,17566,122071
Partitions scanned,,132,122071,113939,66498,122071,75534,39787,122071
Partitions scanned,,133,122071,114032,74288,122071,76187,25267,122071
Partitions scanned,,134,122071,113949,57133,122071,75236,9137,122071
Partitions scanned,,135,122071,114234,61814,122071,76709,17768,122071
Partitions scanned,,136,122071,113825,56996,122071,74088,17725,122071
Partitions scanned,,137,122071,113765,51573,122071,75082,9304,122071
Partitions scanned,,138,122071,114300,66617,122071,76693,25591,122071
Partitions scanned,,139,122071,113904,61997,122071,74917,9198,122071
Partitions scanned,,140,122071,113755,51553,122071,75350,9234,122071
Partitions scanned,,141,122071,113939,66493,122071,75194,17727,122071
Partitions scanned,,142,122071,114066,70805,122071,76561,33040,122071
Partitions scanned,,143,122071,113870,25627,122071,76376,9249,122071
Partitions scanned,,144,122071,113811,74373,122071,76109,9378,122071
Partitions scanned,,145,122071,114090,51626,122071,76474,9167,122071
Partitions scanned,,146,122071,114156,62117,122071,76548,25962,122071
Partitions scanned,,147,122071,113626,66572,122071,74218,17826,122071
Partitions scanned,,148,122071,114064,66308,122071,76390,9308,122071
Partitions scanned,,149,122071,113945,66524,122071,76403,9332,122071
Partitions scanned,,150,122071,113641,66555,122071,74495,17765,122071
Partitions scanned,,151,122071,114060,46252,122071,76604,17894,122071
Partitions scanned,,152,122071,114129,61855,122071,76317,25441,122071
Partitions scanned,,153,122071,113863,56873,122071,75776,9251,122071
Partitions scanned,,154,122071,113628,66183,122071,74507,25459,122071
Partitions scanned,,155,122071,114006,70381,122071,76113,32753,122071
Partitions scanned,,156,122071,114239,66357,122071,76360,17924,122071
Partitions scanned,,157,122071,114025,61870,122071,76377,9216,122071
Partitions scanned,,158,122071,113942,70493,122071,75827,25481,122071
Partitions scanned,,159,122071,113752,39497,122071,75754,9237,122071
Partitions scanned,,160,122071,114052,51569,122071,76227,9191,122071
Partitions scanned,,161,87132,85368,48818,87132,69308,15195,87132
Partitions scanned,,162,122071,113779,39501,122071,75850,9271,122071
Partitions scanned,,163,122071,113572,78084,122071,74195,17872,122071
Partitions scanned,,164,122071,113807,61658,122071,75272,17651,122071
Partitions scanned,,165,122071,113845,51803,122071,74990,9350,122071
Partitions scanned,,166,122071,113657,70669,122071,74260,25702,122071
Partitions scanned,,167,122071,114094,52174,122071,76640,18069,122071
Partitions scanned,,168,122071,113930,74288,122071,76032,17631,122071
Partitions scanned,,169,122071,113893,62054,122071,75260,9239,122071
Partitions scanned,,170,122071,114127,56823,122071,77053,17574,122071
Partitions scanned,,171,122071,114257,51468,122071,76569,9276,122071
Partitions scanned,,172,122071,113939,78015,122071,75977,9235,122071
Partitions scanned,,173,122071,113910,70816,122071,76100,33003,122071
Partitions scanned,,174,122071,114082,56988,122071,76668,9203,122071
Partitions scanned,,175,122071,113698,66298,122071,74365,9113,122071
Partitions scanned,,176,122071,113899,56887,122071,74394,25673,122071
Partitions scanned,,177,122071,113809,33036,122071,74719,9309,122071
Partitions scanned,,178,122071,113731,66323,122071,74561,17687,122071
Partitions scanned,,179,122071,113683,46097,122071,75309,9327,122071
Partitions scanned,,180,122071,113863,66596,122071,74500,9196,122071
Partitions scanned,,181,122071,113832,81384,122071,76248,32766,122071
Partitions scanned,,182,122071,114178,81457,122071,76166,17658,122071
Partitions scanned,,183,122071,114031,89847,122071,76455,17795,122071
Partitions scanned,,184,122071,113994,74467,122071,76453,9383,122071
Partitions scanned,,185,122071,114123,70788,122071,76167,17764,122071
Partitions scanned,,186,122071,114039,78331,122071,76224,18105,122071
Partitions scanned,,187,122071,113771,61835,122071,74917,9043,122071
Partitions scanned,,188,122071,113971,66639,122071,76023,33237,122071
Partitions scanned,,189,122071,113856,70539,122071,75000,9299,122071
Partitions scanned,,190,122071,114046,66343,122071,76389,17689,122071
Partitions scanned,,191,122071,114133,45878,122071,76523,17636,122071
Partitions scanned,,192,122071,113965,57091,122071,74851,17840,122071
Partitions scanned,,193,122071,114150,81318,122071,76353,17615,122071
Partitions scanned,,194,122071,114029,66134,122071,75882,25599,122071
Partitions scanned,,195,122071,113993,77995,122071,76098,25270,122071
Partitions scanned,,196,122071,114054,51577,122071,76879,9177,122071
Partitions scanned,,197,122071,113976,81347,122071,75086,25613,122071
Partitions scanned,,198,122071,113924,66825,122071,75677,17685,122071
Partitions scanned,,199,122071,113845,39513,122071,75263,17654,122071
Partitions scanned,,200,122071,114059,45875,122071,76250,25655,122071
Partitions scanned,,201,122071,114094,51610,122071,76475,9275,122071
Partitions scanned,,202,122071,113928,57100,122071,76067,9262,122071
Partitions scanned,,203,122071,113725,70667,122071,74715,9169,122071
Partitions scanned,,204,122071,113870,45488,122071,75545,9083,122071
Partitions scanned,,205,122071,113766,57088,122071,74473,9248,122071
Partitions scanned,,206,122071,113767,57138,122071,74964,9282,122071
Partitions scanned,,207,122071,114036,66295,122071,76367,17557,122071
Partitions scanned,,208,122071,113920,62291,122071,75876,9302,122071
Partitions scanned,,209,122071,114052,61775,122071,76366,39745,122071
Partitions scanned,,210,122071,113944,81342,122071,76134,17807,122071
Partitions scanned,,211,122071,113761,66516,122071,75011,25512,122071
Partitions scanned,,212,122071,113978,84434,122071,76396,9320,122071
Partitions scanned,,213,122071,114254,61925,122071,76523,25723,122071
Partitions scanned,,214,122071,113779,39690,122071,75287,9271,122071
Partitions scanned,,215,122071,113739,70805,122071,74527,17725,122071
Partitions scanned,,216,122071,113926,39855,122071,76180,9206,122071
Partitions scanned,,217,122071,114154,57258,122071,76411,33273,122071
Partitions scanned,,218,122071,113998,51966,122071,75964,9197,122071
Partitions scanned,,219,122071,114301,66321,122071,76563,9231,122071
Partitions scanned,,220,122071,113875,39652,122071,76155,9075,122071
Partitions scanned,,221,122027,113770,66469,122027,74292,9276,122027
Partitions scanned,,222,122071,113797,56758,122071,75094,9178,122071
Partitions scanned,,223,122071,113820,39628,122071,75629,9238,122071
Partitions scanned,,224,122071,113955,32784,122071,76255,9368,122071
Partitions scanned,,225,122071,113987,74500,122071,76166,25351,122071
Partitions scanned,,226,122071,114016,61812,122071,76131,17637,122071
Partitions scanned,,227,122071,114068,70942,122071,76424,9228,122071
Partitions scanned,,228,122071,114218,56909,122071,76654,9260,122071
Partitions scanned,,229,122071,113664,45639,122071,75171,25491,122071
Partitions scanned,,230,122071,114063,56820,122071,76521,9104,122071
Partitions scanned,,231,122071,113774,78126,122071,75505,17774,122071
Partitions scanned,,232,122071,113877,51767,122071,76131,9340,122071
Partitions scanned,,233,122071,113956,70595,122071,76086,25582,122071
Partitions scanned,,234,122071,114089,32962,122071,76430,9218,122071
Partitions scanned,,235,122071,113733,56833,122071,75820,9096,122071
Partitions scanned,,236,122071,113836,57213,122071,74777,9235,122071
Partitions scanned,,237,122071,113878,84186,122071,75171,25486,122071
Partitions scanned,,238,122071,114092,56874,122071,76414,17718,122071
Partitions scanned,,239,122071,114195,70595,122071,76557,9221,122071
Partitions scanned,,240,122071,114196,74328,122071,76724,9343,122071
Partitions scanned,,241,122071,113542,70812,122071,74209,25889,122071
Partitions scanned,,242,122071,113978,84644,122071,75976,17711,122071
Partitions scanned,,243,122071,113905,84371,122071,76165,25479,122071
Partitions scanned,,244,122071,114043,61823,122071,75811,25463,122071
Partitions scanned,,245,122071,114087,40028,122071,76365,9204,122071
Partitions scanned,,246,122071,113965,57207,122071,76099,25706,122071
Partitions scanned,,247,122071,113954,84449,122071,76291,9284,122071
Partitions scanned,,248,122071,114261,61928,122071,76744,9243,122071
Partitions scanned,,249,122071,113796,39512,122071,75048,25602,122071
Partitions scanned,,250,122071,113959,57062,122071,75822,17884,122071
Partitions scanned,,251,122071,113778,57105,122071,74997,18032,122071
Partitions scanned,,252,122071,113773,66484,122071,75205,9221,122071
Partitions scanned,,253,122071,113851,33025,122071,76074,17777,122071
Partitions scanned,,254,122071,114022,66426,122071,76258,25632,122071
Partitions scanned,,255,122071,113639,51545,122071,74296,9260,122071
Partitions scanned,,256,122071,113892,56902,122071,74416,9105,122071
Partitions scanned,,257,122071,114045,51680,122071,76229,17839,122071
Partitions scanned,,258,122071,114062,57004,122071,76200,17672,122071
Partitions scanned,,259,122071,114061,70886,122071,76631,25811,122071
Partitions scanned,,260,122071,113954,39783,122071,76173,9108,122071
Partitions scanned,,261,122071,114146,66284,122071,76620,17888,122071
Partitions scanned,,262,122071,113952,39768,122071,75924,9180,122071
Partitions scanned,,263,122071,114114,61969,122071,76378,9124,122071
Partitions scanned,,264,122071,113955,56928,122071,75715,17566,122071
Partitions scanned,,265,122071,113911,45686,122071,76164,17805,122071
Partitions scanned,,266,122071,114061,84562,122071,76307,33067,122071
Partitions scanned,,267,122071,113904,51768,122071,75567,17810,122071
Partitions scanned,,268,122071,113982,52094,122071,76432,17755,122071
Partitions scanned,,269,122071,113865,70642,122071,76005,25607,122071
Partitions scanned,,270,122071,113879,70839,122071,76086,17678,122071
Partitions scanned,,271,122071,114157,62146,122071,76221,9120,122071
Partitions scanned,,272,122071,113933,51819,122071,76167,9109,122071
Partitions scanned,,273,122071,113760,70689,122071,75495,17624,122071
Partitions scanned,,274,122071,113753,56959,122071,75530,9200,122071
Partitions scanned,,275,122071,113809,66309,122071,74700,39713,122071
Partitions scanned,,276,122071,114176,70519,122071,76498,9280,122071
Partitions scanned,,277,122071,114162,57154,122071,76512,17789,122071
Partitions scanned,,278,122071,114093,84663,122071,76294,17578,122071
Partitions scanned,,279,122071,113581,52011,122071,74177,9354,122071
Partitions scanned,,280,122071,114193,74418,122071,76465,17818,122071
Partitions scanned,,281,122071,114040,39542,122071,76614,17576,122071
Partitions scanned,,282,122071,113810,62001,122071,75353,17910,122071
Partitions scanned,,283,122071,113959,57209,122071,76055,17911,122071
Partitions scanned,,284,122071,113833,56882,122071,74254,17944,122071
Partitions scanned,,285,122071,114129,61634,122071,76149,9226,122071
Partitions scanned,,286,122071,113664,39605,122071,75061,17661,122071
Partitions scanned,,287,122071,113910,61844,122071,75784,17652,122071
Partitions scanned,,288,122071,114033,66834,122071,76307,17932,122071
Partitions scanned,,289,122071,114037,51666,122071,76344,17724,122071
Partitions scanned,,290,122071,114215,33050,122071,76682,9238,122071
Partitions scanned,,291,122071,114185,66631,122071,76300,9197,122071
Partitions scanned,,292,122071,113990,70893,122071,76248,17897,122071
Partitions scanned,,293,122071,114050,45857,122071,76290,9346,122071
Partitions scanned,,294,122071,113980,74626,122071,76179,9290,122071
Partitions scanned,,295,122071,113889,66570,122071,75469,25673,122071
Partitions scanned,,296,122071,113993,51916,122071,76134,9140,122071
Partitions scanned,,297,122071,114176,77892,122071,76510,17485,122071
Partitions scanned,,298,122071,114124,66396,122071,76004,25404,122071
Partitions scanned,,299,122071,113755,89955,122071,75667,33193,122071
Partitions scanned,,300,122071,113757,61733,122071,74796,17760,122071
Partitions scanned,,301,122071,113890,56910,122071,75035,25492,122071
Partitions scanned,,302,122071,114036,51674,122071,76838,17723,122071
Partitions scanned,,303,122071,113868,61554,122071,75649,9216,122071
Partitions scanned,,304,122071,113937,78359,122071,75755,25962,122071
Partitions scanned,,305,122071,113903,39479,122071,74981,8920,122071
Partitions scanned,,306,122071,114143,39635,122071,76666,9240,122071
Partitions scanned,,307,122071,113822,66081,122071,75669,9044,122071
Partitions scanned,,308,122071,114240,71039,122071,76696,25921,122071
Partitions scanned,,309,122071,114226,51427,122071,76572,9088,122071
Partitions scanned,,310,122071,113528,45901,122071,74560,17786,122071
Partitions scanned,,311,122071,114123,66556,122071,76327,17869,122071
Partitions scanned,,312,122071,113959,57213,122071,76042,17800,122071
Partitions scanned,,313,122071,113612,66298,122071,74447,17870,122071
Partitions scanned,,314,122071,113748,66644,122071,75609,25635,122071
Partitions scanned,,315,122071,113688,51743,122071,74600,25652,122071
Partitions scanned,,316,122071,113710,70665,122071,74197,17781,122071
Partitions scanned,,317,122071,113985,66251,122071,76141,17858,122071
Partitions scanned,,318,122071,114037,74032,122071,76099,9189,122071
Partitions scanned,,319,122071,114134,74428,122071,76888,17774,122071
Partitions scanned,,320,122071,114113,66534,122071,76441,9115,122071
Partitions scanned,,321,122071,113782,66374,122071,74772,9255,122071
Partitions scanned,,322,122071,113819,66429,122071,75075,17849,122071
Partitions scanned,,323,122071,114019,39552,122071,76242,9205,122071
Partitions scanned,,324,122071,114101,51379,122071,76415,25546,122071
Partitions scanned,,325,122071,113823,61965,122071,75255,9334,122071
Partitions scanned,,326,122071,114052,78111,122071,76655,9156,122071
Partitions scanned,,327,122071,114154,70659,122071,76397,9193,122071
Partitions scanned,,328,122071,114019,78312,122071,76365,25871,122071
Partitions scanned,,329,122071,114104,39695,122071,76571,9298,122071
Partitions scanned,,330,122071,113869,66365,122071,75937,17717,122071
Partitions scanned,,331,122071,114181,56887,122071,76709,9240,122071
Partitions scanned,,332,122071,113675,46116,122071,75225,9369,122071
Partitions scanned,,333,122071,113835,51409,122071,74515,9219,122071
Partitions scanned,,334,122071,113712,46171,122071,75012,9262,122071
Partitions scanned,,335,122071,113819,70787,122071,76068,32773,122071
Partitions scanned,,336,122071,114034,25631,122071,76464,17576,122071
Partitions scanned,,337,122071,113984,81296,122071,76267,17921,122071
Partitions scanned,,338,122071,114048,81348,122071,76628,25518,122071
Partitions scanned,,339,122071,113960,61605,122071,76006,17687,122071
Partitions scanned,,340,122071,114214,66243,122071,76479,9219,122071
Partitions scanned,,341,122071,113997,61864,122071,76156,17637,122071
Partitions scanned,,342,122071,113855,45891,122071,74924,9251,122071
Partitions scanned,,343,122071,113820,51394,122071,75351,17710,122071
Partitions scanned,,344,122071,113651,61787,122071,74745,9186,122071
Partitions scanned,,345,122071,113877,45983,122071,76119,17679,122071
Partitions scanned,,346,122071,113695,66490,122071,74738,9304,122071
Partitions scanned,,347,122071,114153,62121,122071,76604,17827,122071
Partitions scanned,,348,122071,113707,66379,122071,74254,17690,122071
Partitions scanned,,349,122071,114019,61651,122071,76233,17687,122071
Partitions scanned,,350,122071,114077,45848,122071,75902,9209,122071
Partitions scanned,,351,122071,113963,70514,122071,75256,9286,122071
Partitions scanned,,352,122071,113885,51828,122071,76051,9175,122071
Partitions scanned,,353,122071,113683,74779,122071,74616,9268,122071
Partitions scanned,,354,122071,113986,25784,122071,76145,9216,122071
Partitions scanned,,355,122071,113845,51680,122071,75044,17762,122071
Partitions scanned,,356,122071,113992,74998,122071,75829,25699,122071
Partitions scanned,,357,122071,114011,45592,122071,76122,17574,122071
Partitions scanned,,358,122071,113865,57016,122071,76062,17589,122071
Partitions scanned,,359,122071,114006,62017,122071,75700,17683,122071
Partitions scanned,,360,122071,114156,74576,122071,76501,9101,122071
Partitions scanned,,361,122071,114069,39494,122071,76226,9250,122071
Partitions scanned,,362,122071,114085,46089,122071,76385,9258,122071
Partitions scanned,,363,122071,113879,45945,122071,75878,17704,122071
Partitions scanned,,364,122071,113765,51573,122071,75082,9304,122071
Partitions scanned,,365,122071,114026,57001,122071,75962,9228,122071
Partitions scanned,,366,122071,113672,51459,122071,74956,9078,122071
Partitions scanned,,367,122071,114012,40062,122071,76222,9413,122071
Partitions scanned,,368,122071,114107,61783,122071,76460,17837,122071
Partitions scanned,,369,122071,113745,62080,122071,75381,9158,122071
Partitions scanned,,370,122071,113700,74488,122071,74528,9212,122071
Partitions scanned,,371,122071,113856,56890,122071,76137,9164,122071
Partitions scanned,,372,122071,113761,81332,122071,75351,25603,122071
Partitions scanned,,373,122071,114217,77816,122071,76432,9064,122071
Partitions scanned,,374,122071,113554,62019,122071,75002,25673,122071
Partitions scanned,,375,122071,113966,78214,122071,75626,25715,122071
Partitions scanned,,376,122071,113886,57203,122071,76062,9256,122071
Partitions scanned,,377,122071,113606,98691,122071,74324,25407,122071
Partitions scanned,,378,122071,114039,66294,122071,76072,9215,122071
Partitions scanned,,379,122071,114040,51755,122071,76034,17458,122071
Partitions scanned,,380,122071,113892,32893,122071,75659,9083,122071
Partitions scanned,,381,122071,113959,70375,122071,76049,25373,122071
Partitions scanned,,382,122071,114019,51274,122071,76577,9051,122071
Partitions scanned,,383,122071,114012,66241,122071,76530,9182,122071
Partitions scanned,,384,122071,114095,61918,122071,76310,25614,122071
Partitions scanned,,385,122071,114148,78271,122071,76673,17609,122071
Partitions scanned,,386,122071,113683,56544,122071,74517,9256,122071
Partitions scanned,,387,122071,114194,56988,122071,76769,17678,122071
Partitions scanned,,388,122071,113870,39628,122071,74696,9237,122071
Partitions scanned,,389,122071,113884,61881,122071,74971,17691,122071
Partitions scanned,,390,122071,113684,61970,122071,74704,9279,122071
Partitions scanned,,391,122071,114168,46027,122071,76182,9229,122071
Partitions scanned,,392,122071,113723,56907,122071,74786,9237,122071
Partitions scanned,,393,122071,114273,66468,122071,76734,9081,122071
Partitions scanned,,394,122071,114165,51673,122071,76478,9335,122071
Partitions scanned,,395,122071,113778,61237,122071,75281,9196,122071
Partitions scanned,,396,122071,113726,51792,122071,75502,9280,122071
Partitions scanned,,397,122071,114013,74468,122071,76294,32894,122071
Partitions scanned,,398,122071,114089,39734,122071,76514,17744,122071
Partitions scanned,,399,122071,114222,74564,122071,76682,9239,122071
Partitions scanned,,400,122071,113996,25413,122071,76288,17582,122071
Partitions scanned,,401,122071,114332,51373,122071,76406,25385,122071
Partitions scanned,,402,122071,114037,46129,122071,76409,9300,122071
Partitions scanned,,403,122071,113918,32922,122071,76152,9140,122071
Partitions scanned,,404,122071,114028,74324,122071,76125,17623,122071
Partitions scanned,,405,122071,114022,70579,122071,76477,17959,122071
Partitions scanned,,406,122071,113725,56848,122071,74550,17648,122071
Partitions scanned,,407,122071,113746,62065,122071,74934,17828,122071
Partitions scanned,,408,122071,114039,70740,122071,76604,25715,122071
Partitions scanned,,409,122071,113923,57287,122071,75725,9151,122071
Partitions scanned,,410,122071,114089,56832,122071,76594,17746,122071
Partitions scanned,,411,122071,113738,61640,122071,74622,9122,122071
Partitions scanned,,412,122071,113678,74468,122071,74261,9108,122071
Partitions scanned,,413,122071,114116,51826,122071,76506,9361,122071
Partitions scanned,,414,122071,113838,45833,122071,75349,9275,122071
Partitions scanned,,415,122071,113931,66677,122071,74962,9392,122071
Partitions scanned,,416,122071,113978,74538,122071,76083,17790,122071
Partitions scanned,,417,122071,113880,46038,122071,75303,9402,122071
Partitions scanned,,418,121843,114221,39632,121843,76740,17899,121843
Partitions scanned,,419,122071,113723,62059,122071,74798,9203,122071
Partitions scanned,,420,122071,113715,46126,122071,75273,9351,122071
Partitions scanned,,421,122071,114028,66650,122071,76440,25913,122071
Partitions scanned,,422,122071,114046,51514,122071,76466,9292,122071
Partitions scanned,,423,122071,113875,51504,122071,75729,9224,122071
Partitions scanned,,424,122071,113686,46032,122071,74357,9339,122071
Partitions scanned,,425,122071,113756,51193,122071,75547,9284,122071
Partitions scanned,,426,122071,113957,51432,122071,76313,17553,122071
Partitions scanned,,427,122071,114106,66571,122071,76376,17580,122071
Partitions scanned,,428,122071,113846,70478,122071,76190,9096,122071
Partitions scanned,,429,122071,113925,70800,122071,75436,9269,122071
Partitions scanned,,430,122071,114247,39433,122071,76609,9110,122071
Partitions scanned,,431,122071,114134,70706,122071,76597,9155,122071
Partitions scanned,,432,122071,114004,45698,122071,75818,9216,122071
Partitions scanned,,433,122071,114086,62078,122071,76733,17955,122071
Partitions scanned,,434,122071,114253,46059,122071,76785,9350,122071
Partitions scanned,,435,122071,114019,56872,122071,76277,9309,122071
Partitions scanned,,436,122071,114196,45759,122071,76655,9285,122071
Partitions scanned,,437,122071,113823,56790,122071,75077,17708,122071
Partitions scanned,,438,122071,114029,66572,122071,76344,9334,122071
Partitions scanned,,439,122071,113645,39606,122071,73873,9040,122071
Partitions scanned,,440,122071,113814,61890,122071,75494,25659,122071
Partitions scanned,,441,122071,113831,74593,122071,75967,17959,122071
Partitions scanned,,442,122071,114120,51464,122071,76204,9165,122071
Partitions scanned,,443,122071,114210,61634,122071,76539,25476,122071
Partitions scanned,,444,122071,114035,61915,122071,76263,17738,122071
Partitions scanned,,445,122071,113676,66375,122071,74354,25473,122071
Partitions scanned,,446,122071,113908,70514,122071,76153,17749,122071
Partitions scanned,,447,122071,113870,70580,122071,76061,17695,122071
Partitions scanned,,448,122071,113960,70853,122071,76522,17832,122071
Partitions scanned,,449,122071,114223,51881,122071,76655,17930,122071
Partitions scanned,,450,122071,114078,57369,122071,76415,9269,122071
Partitions scanned,,451,122071,113865,62130,122071,75263,9212,122071
Partitions scanned,,452,122071,113815,57027,122071,75717,17899,122071
Partitions scanned,,453,122071,113783,66251,122071,75083,9211,122071
Partitions scanned,,454,122071,113878,57305,122071,75265,17755,122071
Partitions scanned,,455,122071,113625,66337,122071,74405,9371,122071
Partitions scanned,,456,122071,113669,45841,122071,74491,25687,122071
Partitions scanned,,457,122071,113677,71021,122071,74537,9241,122071
Partitions scanned,,458,122071,114197,39450,122071,76239,25593,122071
Partitions scanned,,459,122071,113837,57138,122071,75921,17879,122071
Partitions scanned,,460,122071,114012,61896,122071,76314,9121,122071
Partitions scanned,,461,122071,114066,74858,122071,76236,32860,122071
Partitions scanned,,462,122071,114013,45686,122071,76716,9217,122071
Partitions scanned,,463,122071,114100,74555,122071,76393,9210,122071
Partitions scanned,,464,122071,113944,70694,122071,75884,9168,122071
Partitions scanned,,465,122071,113759,51372,122071,74664,9235,122071
Partitions scanned,,466,122071,114181,56897,122071,76477,17801,122071
Partitions scanned,,467,122071,114047,66497,122071,76040,17629,122071
Partitions scanned,,468,122071,114100,70912,122071,76231,9137,122071
Partitions scanned,,469,122071,113689,51627,122071,74975,9181,122071
Partitions scanned,,470,122071,114012,45909,122071,76464,9145,122071
Partitions scanned,,471,122071,113941,78045,122071,76274,17747,122071
Partitions scanned,,472,122071,113685,61872,122071,74565,25546,122071
Partitions scanned,,473,122071,114062,51829,122071,76094,17864,122071
Partitions scanned,,474,122071,114071,84517,122071,76818,32927,122071
Partitions scanned,,475,122071,113951,70522,122071,75345,17839,122071
Partitions scanned,,476,122071,113941,45697,122071,75597,17665,122071
Partitions scanned,,477,122071,113786,56956,122071,75997,25852,122071
Partitions scanned,,478,122071,113825,87330,122071,75509,9275,122071
Partitions scanned,,479,122071,113741,51472,122071,74734,17721,122071
Partitions scanned,,480,122071,113665,81530,122071,74543,9165,122071
Partitions scanned,,481,122071,113881,66422,122071,75773,25527,122071
Partitions scanned,,482,122071,113729,70306,122071,75242,9062,122071
Partitions scanned,,483,122071,114090,61979,122071,76309,25684,122071
Partitions scanned,,484,122071,114009,25344,122071,76162,9074,122071
Partitions scanned,,485,122071,113876,51559,122071,75244,9327,122071
Partitions scanned,,486,122071,113916,66389,122071,76173,9061,122071
Partitions scanned,,487,122071,114181,70846,122071,76462,33101,122071
Partitions scanned,,488,122071,113861,45868,122071,75776,9285,122071
Partitions scanned,,489,122071,113681,61563,122071,74490,32666,122071
Partitions scanned,,490,122071,113714,57100,122071,74218,9357,122071
Partitions scanned,,491,122071,113971,61840,122071,76278,9239,122071
Partitions scanned,,492,122071,114057,57103,122071,76129,17721,122071
Partitions scanned,,493,122071,113756,78254,122071,74745,17809,122071
Partitions scanned,,494,122071,113935,70548,122071,75644,17935,122071
Partitions scanned,,495,122071,113728,78197,122071,75171,17753,122071
Partitions scanned,,496,122071,113931,45794,122071,75677,17778,122071
Partitions scanned,,497,122071,113681,61863,122071,75346,17655,122071
Partitions scanned,,498,122071,113875,61656,122071,74918,17706,122071
Partitions scanned,,499,122071,114082,70839,122071,76423,17855,122071
Partitions scanned,,500,122071,113815,61664,122071,74897,25530,122071
Partitions scanned,,501,122071,113937,33003,122071,76095,17992,122071
Partitions scanned,,502,122071,113615,62062,122071,74393,9352,122071
Partitions scanned,,503,122071,113982,77927,122071,75965,17697,122071
Partitions scanned,,504,122071,113806,45758,122071,75872,9294,122071
Partitions scanned,,505,122071,114328,61911,122071,76675,9192,122071
Partitions scanned,,506,122071,113776,45593,122071,75137,17616,122071
Partitions scanned,,507,122071,113820,77931,122071,75431,25201,122071
Partitions scanned,,508,122071,114103,56940,122071,76455,9257,122071
Partitions scanned,,509,122071,113975,45740,122071,75296,25418,122071
Partitions scanned,,510,122071,113986,45885,122071,75294,25602,122071
Partitions scanned,,511,122071,113510,46079,122071,75133,9459,122071
Partitions scanned,,512,122071,113868,56667,122071,76091,9310,122071
Partitions scanned,,513,122071,114149,74779,122071,76755,9277,122071
Partitions scanned,,514,122071,114075,70597,122071,76396,25383,122071
Partitions scanned,,515,122071,114113,81342,122071,76336,25720,122071
Partitions scanned,,516,122071,114204,61659,122071,76468,9228,122071
Partitions scanned,,517,122071,113834,51568,122071,75150,9160,122071
Partitions scanned,,518,122071,113864,33179,122071,76364,9294,122071
Partitions scanned,,519,122071,113768,56928,122071,75304,17523,122071
Partitions scanned,,520,122071,114059,70768,122071,76439,25560,122071
Partitions scanned,,521,122071,114008,70718,122071,76454,9365,122071
Partitions scanned,,522,122071,113570,66474,122071,74433,17643,122071
Partitions scanned,,523,122071,113955,61671,122071,75971,17683,122071
Partitions scanned,,524,122071,114085,66419,122071,76277,17711,122071
Partitions scanned,,525,122071,114055,66451,122071,76312,25681,122071
Partitions scanned,,526,122071,113960,70693,122071,76436,17757,122071
Partitions scanned,,527,122071,113742,39497,122071,74678,9185,122071
Partitions scanned,,528,122071,113752,70902,122071,75267,17951,122071
Partitions scanned,,529,122071,114226,74645,122071,76544,17780,122071
Partitions scanned,,530,122071,113782,51862,122071,74481,9181,122071
Partitions scanned,,531,122071,113897,70620,122071,75908,25698,122071
Partitions scanned,,532,122071,114002,57234,122071,75740,9301,122071
Partitions scanned,,533,122071,113838,51438,122071,76052,9113,122071
Partitions scanned,,534,122071,113943,56810,122071,75508,17673,122071
Partitions scanned,,535,122071,113694,66294,122071,74714,25451,122071
Partitions scanned,,536,122071,114141,46072,122071,76594,9207,122071
Partitions scanned,,537,122071,113790,45992,122071,76296,25581,122071
Partitions scanned,,538,122071,113761,39472,122071,74716,9278,122071
Partitions scanned,,539,122071,114005,62117,122071,75743,17916,122071
Partitions scanned,,540,122071,113875,51504,122071,75729,9224,122071
Partitions scanned,,541,122071,113774,45842,122071,74653,9118,122071
Partitions scanned,,542,122071,114037,61943,122071,76263,9238,122071
Partitions scanned,,543,122071,113988,32711,122071,76068,9226,122071
Partitions scanned,,544,122071,113973,57247,122071,76201,25682,122071
Partitions scanned,,545,122071,114124,51653,122071,76468,9120,122071
Partitions scanned,,546,122071,114005,51757,122071,76400,9317,122071
Partitions scanned,,547,122071,113937,77789,122071,76162,17726,122071
Partitions scanned,,548,122071,113784,56661,122071,75190,17685,122071
Partitions scanned,,549,122071,113724,56943,122071,74463,9160,122071
Partitions scanned,,550,122071,114013,57215,122071,76287,9128,122071
Partitions scanned,,551,122071,113825,74560,122071,74756,17841,122071
Partitions scanned,,552,122071,113744,51818,122071,74875,9464,122071
Partitions scanned,,553,122071,114213,56988,122071,76552,17957,122071
Partitions scanned,,554,122071,114067,70901,122071,76441,9250,122071
Partitions scanned,,555,122071,113931,78293,122071,76012,17640,122071
Partitions scanned,,556,122071,113792,66471,122071,74251,17784,122071
Partitions scanned,,557,122071,113833,51361,122071,75437,9127,122071
Partitions scanned,,558,122071,114011,45592,122071,76122,17574,122071
Partitions scanned,,559,122071,113807,61664,122071,75223,25530,122071
Partitions scanned,,560,122071,114127,70653,122071,76345,32769,122071
Partitions scanned,,561,122071,113848,46120,122071,75189,9331,122071
Partitions scanned,,562,122071,113888,78026,122071,75826,9183,122071
Partitions scanned,,563,122071,113730,61821,122071,74662,17688,122071
Partitions scanned,,564,122071,113833,51361,122071,75437,9127,122071
Partitions scanned,,565,122071,113714,78005,122071,75158,25592,122071
Partitions scanned,,566,122071,114006,70696,122071,76659,17751,122071
Partitions scanned,,567,122071,114030,52039,122071,76405,9360,122071
Partitions scanned,,568,122071,113812,56838,122071,75573,9313,122071
Partitions scanned,,569,122071,114083,66451,122071,76077,9190,122071
Partitions scanned,,570,122071,113722,56721,122071,75012,17674,122071
Partitions scanned,,571,122071,114143,70655,122071,76496,25702,122071
Partitions scanned,,572,122071,114119,70875,122071,76688,9503,122071
Partitions scanned,,573,122071,113944,32736,122071,76139,9034,122071
Partitions scanned,,574,122071,113735,56920,122071,75610,17688,122071
Partitions scanned,,575,122071,113598,56762,122071,75268,17882,122071
Partitions scanned,,576,122071,113699,61791,122071,74910,9053,122071
Partitions scanned,,577,122071,114098,78309,122071,76298,25676,122071
Partitions scanned,,578,122071,113641,45904,122071,74699,9176,122071
Partitions scanned,,579,122071,113837,81568,122071,75914,17739,122071
Partitions scanned,,580,122071,113856,61926,122071,74629,25834,122071
Partitions scanned,,581,122071,113714,81317,122071,74559,25389,122071
Partitions scanned,,582,122071,113969,81321,122071,76100,25627,122071
Partitions scanned,,583,122071,113639,78088,122071,75003,25722,122071
Partitions scanned,,584,122071,114094,56997,122071,76432,9231,122071
Partitions scanned,,585,122071,114032,70622,122071,75944,17980,122071
Partitions scanned,,586,122071,114018,84542,122071,76214,9258,122071
Partitions scanned,,587,122071,113654,81580,122071,74263,17929,122071
Partitions scanned,,588,122071,113965,45742,122071,76072,17676,122071
Partitions scanned,,589,122071,114079,57073,122071,76287,9176,122071
Partitions scanned,,590,122071,113976,62048,122071,76072,25765,122071
Partitions scanned,,591,122071,113565,32879,122071,74270,9293,122071
Partitions scanned,,592,122071,113774,62163,122071,74796,9228,122071
Partitions scanned,,593,122071,113885,39707,122071,75857,9326,122071
Partitions scanned,,594,122071,113939,70503,122071,76063,17529,122071
Partitions scanned,,595,122071,114118,81290,122071,76415,9151,122071
Partitions scanned,,596,122071,113556,45933,122071,74465,9212,122071
Partitions scanned,,597,122071,114158,61608,122071,76468,9000,122071
Partitions scanned,,598,122071,114210,84309,122071,76848,25480,122071
Partitions scanned,,599,122071,114154,78133,122071,76347,25750,122071
Partitions scanned,,600,122071,113961,70701,122071,75714,25595,122071
Partitions scanned,,601,122071,114010,56895,122071,76432,9201,122071
Partitions scanned,,602,122071,113645,62029,122071,74859,25640,122071
Partitions scanned,,603,122071,114164,62219,122071,76561,9246,122071
Partitions scanned,,604,122071,113950,45817,122071,75588,17632,122071
Partitions scanned,,605,122071,114196,57037,122071,76437,9324,122071
Partitions scanned,,606,122071,114175,71021,122071,76515,25817,122071
Partitions scanned,,607,122071,114254,74613,122071,76495,18010,122071
Partitions scanned,,608,122071,113641,57044,122071,74285,25900,122071
Partitions scanned,,609,122071,114036,61727,122071,76239,17673,122071
Partitions scanned,,610,122071,113773,45991,122071,74807,17909,122071
Partitions scanned,,611,122071,113956,56736,122071,75983,17587,122071
Partitions scanned,,612,122071,113702,66376,122071,74400,25932,122071
Partitions scanned,,613,122071,114117,57081,122071,76552,9386,122071
Partitions scanned,,614,122071,113729,45717,122071,74266,8976,122071
Partitions scanned,,615,122071,113764,51707,122071,75599,25667,122071
Partitions scanned,,616,122071,114027,62055,122071,75513,17693,122071
Partitions scanned,,617,122071,113725,61908,122071,74480,9125,122071
Partitions scanned,,618,122071,114011,51714,122071,76575,9392,122071
Partitions scanned,,619,122071,113609,56985,122071,74696,17616,122071
Partitions scanned,,620,122071,114032,51602,122071,76306,9195,122071
Partitions scanned,,621,122071,114157,57154,122071,76615,9196,122071
Partitions scanned,,622,122071,114270,66353,122071,76682,17686,122071
Partitions scanned,,623,122071,114087,57243,122071,76577,18059,122071
Partitions scanned,,624,122071,113561,25538,122071,74331,17569,122071
Partitions scanned,,625,122071,114155,45923,122071,76501,17863,122071
Partitions scanned,,626,122071,113954,87387,122071,76056,25412,122071
Partitions scanned,,627,122071,113876,74498,122071,75660,25690,122071
Partitions scanned,,628,122071,114285,46025,122071,76495,9196,122071
Partitions scanned,,629,122071,114120,57041,122071,76573,17660,122071
Partitions scanned,,630,122071,113981,32701,122071,75820,9175,122071
Partitions scanned,,631,122071,114031,77973,122071,75742,17583,122071
Partitions scanned,,632,122071,113975,66448,122071,75974,33006,122071
Partitions scanned,,633,122071,113865,33068,122071,75668,9281,122071
Partitions scanned,,634,122071,113583,39708,122071,74757,17899,122071
Partitions scanned,,635,122071,113981,57017,122071,75550,9248,122071
Partitions scanned,,636,122071,114057,61699,122071,76529,9033,122071
Partitions scanned,,637,122071,113936,56906,122071,76179,32849,122071
Partitions scanned,,638,122071,114251,51749,122071,76638,17791,122071
Partitions scanned,,639,122071,113906,45613,122071,75968,17714,122071
Partitions scanned,,640,122071,114157,74729,122071,76522,9362,122071
Partitions scanned,,641,122071,114036,51593,122071,75922,9164,122071
Partitions scanned,,642,122071,113898,39657,122071,76190,17657,122071
Partitions scanned,,643,122071,113832,56974,122071,75752,9310,122071
Partitions scanned,,644,122071,114273,70537,122071,76544,32690,122071
Partitions scanned,,645,122071,113857,74376,122071,75643,17680,122071
Partitions scanned,,646,122071,113964,61926,122071,75551,17607,122071
Partitions scanned,,647,122071,114103,46096,122071,76199,9286,122071
Partitions scanned,,648,122071,113958,98583,122071,76256,25566,122071
Partitions scanned,,649,122071,113642,81076,122071,74417,25626,122071
Partitions scanned,,650,122071,113948,61796,122071,76313,9091,122071
Partitions scanned,,651,122071,114209,62107,122071,76556,9438,122071
Partitions scanned,,652,122071,113808,57203,122071,74908,9481,122071
Partitions scanned,,653,122071,113914,66606,122071,75647,17699,122071
Partitions scanned,,654,122071,113639,70855,122071,74562,9292,122071
Partitions scanned,,655,122071,114180,39653,122071,76811,17785,122071
Partitions scanned,,656,122071,114066,61794,122071,76487,9153,122071
Partitions scanned,,657,122071,113758,61886,122071,75259,25504,122071
Partitions scanned,,658,122071,114122,61588,122071,76356,9210,122071
Partitions scanned,,659,122071,113900,45731,122071,76058,9154,122071
Partitions scanned,,660,122071,113866,66379,122071,75616,9216,122071
Partitions scanned,,661,122071,114173,70564,122071,76780,33111,122071
Partitions scanned,,662,122071,113859,39726,122071,75392,9075,122071
Partitions scanned,,663,122071,113928,61506,122071,75957,9137,122071
Partitions scanned,,664,122071,114097,51836,122071,76788,17877,122071
Partitions scanned,,665,122071,113687,66664,122071,75391,9304,122071
Partitions scanned,,666,122071,113905,70800,122071,75314,17832,122071
Partitions scanned,,667,122071,114205,51829,122071,76551,9240,122071
Partitions scanned,,668,122071,114115,51505,122071,76618,9137,122071
Partitions scanned,,669,122071,113892,84388,122071,75508,25546,122071
Partitions scanned,,670,122071,113939,51663,122071,76102,17734,122071
Partitions scanned,,671,122071,113844,66011,122071,75509,9183,122071
Partitions scanned,,672,122071,113647,25355,122071,74360,9244,122071
Partitions scanned,,673,122071,113953,66568,122071,75729,39897,122071
Partitions scanned,,674,122071,113773,57035,122071,75108,32939,122071
Partitions scanned,,675,122071,113873,45925,122071,75485,9358,122071
Partitions scanned,,676,122071,113732,46073,122071,74418,9343,122071
Partitions scanned,,677,122071,113986,39601,122071,75985,17749,122071
Partitions scanned,,678,122071,113784,74396,122071,76200,17752,122071
Partitions scanned,,679,122071,113655,74260,122071,74367,25576,122071
Partitions scanned,,680,122071,114143,66580,122071,76314,17795,122071
Partitions scanned,,681,122071,114148,57237,122071,76608,9258,122071
Partitions scanned,,682,122071,113985,66515,122071,75696,9220,122071
Partitions scanned,,683,122071,114160,70992,122071,76636,25711,122071
Partitions scanned,,684,122071,113878,66251,122071,75377,17764,122071
Partitions scanned,,685,122071,114059,39703,122071,76492,9213,122071
Partitions scanned,,686,122071,113939,45714,122071,75998,9107,122071
Partitions scanned,,687,122071,113733,56608,122071,74955,17365,122071
Partitions scanned,,688,122071,113677,56790,122071,74494,9091,122071
Partitions scanned,,689,122071,114030,66795,122071,76224,9368,122071
Partitions scanned,,690,122071,114219,56774,122071,76461,17660,122071
Partitions scanned,,691,122071,113762,25745,122071,75689,17861,122071
Partitions scanned,,692,122071,114037,66218,122071,76487,17513,122071
Partitions scanned,,693,122071,114130,70533,122071,76512,25476,122071
Partitions scanned,,694,122071,113975,39771,122071,75912,17735,122071
Partitions scanned,,695,122071,113945,46001,122071,76059,9331,122071
Partitions scanned,,696,122071,114078,70740,122071,76366,25596,122071
Partitions scanned,,697,122071,113941,45539,122071,75783,17468,122071
Partitions scanned,,698,122071,113620,45799,122071,74019,9160,122071
Partitions scanned,,699,122071,113868,57198,122071,75890,17907,122071
Partitions scanned,,700,122071,113927,74349,122071,76274,9262,122071
Partitions scanned,,701,122071,113875,52006,122071,74842,17954,122071
Partitions scanned,,702,122071,113844,70204,122071,74995,9137,122071
Partitions scanned,,703,122071,114101,57220,122071,76442,17574,122071
Partitions scanned,,704,122071,113870,66362,122071,75505,25649,122071
Partitions scanned,,705,122071,114014,74552,122071,76034,9228,122071
Partitions scanned,,706,122071,113850,32596,122071,74662,17622,122071
Partitions scanned,,707,122071,113716,70493,122071,75204,17776,122071
Partitions scanned,,708,122071,113712,39635,122071,74464,17772,122071
Partitions scanned,,709,122071,114082,74260,122071,76367,17530,122071
Partitions scanned,,710,122071,114173,51662,122071,76544,17690,122071
Partitions scanned,,711,122071,114084,61616,122071,76567,9157,122071
Partitions scanned,,712,122071,113896,25524,122071,75918,9147,122071
Partitions scanned,,713,122071,113727,51426,122071,74508,9196,122071
Partitions scanned,,714,122071,113527,66168,122071,74580,17793,122071
Partitions scanned,,715,122071,114270,66353,122071,76682,17686,122071
Partitions scanned,,716,122071,113756,74522,122071,74661,25571,122071
Partitions scanned,,717,122071,113654,39464,122071,74762,9171,122071
Partitions scanned,,718,122071,114247,39477,122071,76290,17649,122071
Partitions scanned,,719,122071,114104,61714,122071,76333,17651,122071
Partitions scanned,,720,122071,113724,84562,122071,74829,17895,122071
Partitions scanned,,721,122071,113621,32885,122071,74352,9234,122071
Partitions scanned,,722,122071,113660,56847,122071,74906,17569,122071
Partitions scanned,,723,122071,113682,66289,122071,74484,25831,122071
Partitions scanned,,724,122071,113857,57245,122071,76198,9304,122071
Partitions scanned,,725,122071,113948,81322,122071,76055,9165,122071
Partitions scanned,,726,122071,113864,61808,122071,75278,17593,122071
Partitions scanned,,727,122071,113896,51590,122071,76281,17690,122071
Partitions scanned,,728,122071,113971,81300,122071,75830,25787,122071
Partitions scanned,,729,122071,113866,78137,122071,74611,25722,122071
Partitions scanned,,730,122071,113865,46073,122071,75797,17760,122071
Partitions scanned,,731,122071,114138,56738,122071,76645,17914,122071
Partitions scanned,,732,122071,114168,66478,122071,76306,17842,122071
Partitions scanned,,733,122071,114192,78054,122071,76315,9183,122071
Partitions scanned,,734,122071,113933,74621,122071,76095,25575,122071
Partitions scanned,,735,122071,114053,45977,122071,76347,9311,122071
Partitions scanned,,736,122071,113959,70642,122071,75637,17919,122071
Partitions scanned,,737,122071,113911,39479,122071,76313,9298,122071
Partitions scanned,,738,122071,113809,70797,122071,76052,17651,122071
Partitions scanned,,739,122071,113720,70605,122071,75191,17908,122071
Partitions scanned,,740,122071,113736,81589,122071,75711,17822,122071
Partitions scanned,,741,122071,113967,51763,122071,76352,9239,122071
Partitions scanned,,742,122071,113938,39391,122071,75289,9137,122071
Partitions scanned,,743,122071,113685,74687,122071,74951,9161,122071
Partitions scanned,,744,122071,113838,66334,122071,75338,25640,122071
Partitions scanned,,745,122071,113804,81313,122071,75542,9086,122071
Partitions scanned,,746,122071,114044,32924,122071,76226,9123,122071
Partitions scanned,,747,122071,114053,66181,122071,76291,32860,122071
Partitions scanned,,748,122071,113795,32843,122071,75790,9234,122071
Partitions scanned,,749,122071,114147,56936,122071,76299,17841,122071
Partitions scanned,,750,122071,113878,51739,122071,75546,17754,122071
Partitions scanned,,751,122071,113945,46045,122071,75918,9227,122071
Partitions scanned,,752,122071,113808,45694,122071,74692,9045,122071
Partitions scanned,,753,122071,114290,57154,122071,76649,9440,122071
Partitions scanned,,754,122071,113934,56805,122071,76256,9298,122071
Partitions scanned,,755,122071,114150,70595,122071,76466,25862,122071
Partitions scanned,,756,122071,114114,66845,122071,76415,9197,122071
Partitions scanned,,757,122071,113885,51590,122071,74989,9196,122071
Partitions scanned,,758,122071,113798,77658,122071,75126,9177,122071
Partitions scanned,,759,122071,113828,66540,122071,75017,9285,122071
Partitions scanned,,760,122071,114058,56907,122071,76615,9213,122071
Partitions scanned,,761,122071,113851,51569,122071,74919,32895,122071
Partitions scanned,,762,122071,114210,56870,122071,76407,9260,122071
Partitions scanned,,763,122071,114133,81461,122071,76416,9285,122071
Partitions scanned,,764,122071,113949,45956,122071,75986,25711,122071
Partitions scanned,,765,122071,113660,51791,122071,74706,9178,122071
Partitions scanned,,766,122071,113900,56772,122071,75289,17713,122071
Partitions scanned,,767,122071,113764,51689,122071,74758,17591,122071
Partitions scanned,,768,122071,113844,61862,122071,75241,25540,122071
Partitions scanned,,769,122071,113715,61771,122071,74298,9076,122071
Partitions scanned,,770,122071,114261,51569,122071,76454,9098,122071
Partitions scanned,,771,122071,114110,56959,122071,76778,25850,122071
Partitions scanned,,772,122071,114168,61867,122071,76300,9117,122071
Partitions scanned,,773,122071,113874,92432,122071,75725,18029,122071
Partitions scanned,,774,122071,113575,66231,122071,74054,25777,122071
Partitions scanned,,775,122071,114067,70489,122071,76148,17693,122071
Partitions scanned,,776,122071,113775,61840,122071,76324,18075,122071
Partitions scanned,,777,122071,114218,78355,122071,76484,9163,122071
Partitions scanned,,778,122071,113787,66362,122071,75081,9291,122071
Partitions scanned,,779,122071,114199,45847,122071,76745,17733,122071
Partitions scanned,,780,122071,113782,25726,122071,75339,9340,122071
Partitions scanned,,781,122071,113848,66210,122071,74561,17809,122071
Partitions scanned,,782,122071,113980,45411,122071,76328,9067,122071
Partitions scanned,,783,122071,113966,61841,122071,76285,9230,122071
Partitions scanned,,784,122071,113799,45820,122071,75071,9316,122071
Partitions scanned,,785,122071,113704,51688,122071,74456,17834,122071
Partitions scanned,,786,122071,113769,61767,122071,75297,9190,122071
Partitions scanned,,787,122071,114142,39762,122071,76054,17831,122071
Partitions scanned,,788,122071,113704,61807,122071,74942,17867,122071
Partitions scanned,,789,122071,114255,45785,122071,77040,9259,122071
Partitions scanned,,790,122071,113834,70488,122071,76077,17685,122071
Partitions scanned,,791,122071,113715,51779,122071,74607,9288,122071
Partitions scanned,,792,122071,113940,66285,122071,75992,17683,122071
Partitions scanned,,793,122071,114007,74471,122071,76233,17673,122071
Partitions scanned,,794,122071,114126,56912,122071,76420,9342,122071
Partitions scanned,,795,122071,113708,56728,122071,74350,17698,122071
Partitions scanned,,796,122071,114287,66624,122071,77041,17881,122071
Partitions scanned,,797,122071,114044,66646,122071,76383,25982,122071
Partitions scanned,,798,122071,113717,62151,122071,74427,9087,122071
Partitions scanned,,799,122071,113778,77967,122071,74205,25404,122071
Partitions scanned,,800,122071,113687,45929,122071,75776,17807,122071
Partitions scanned,,801,122071,113567,66738,122071,74709,25753,122071
Partitions scanned,,802,122071,114038,78137,122071,75697,25722,122071
Partitions scanned,,803,122071,113674,61937,122071,74475,17945,122071
Partitions scanned,,804,122071,114031,77950,122071,76065,17645,122071
Partitions scanned,,805,122071,113704,74607,122071,74652,17702,122071
Partitions scanned,,806,122071,114234,45940,122071,76625,9256,122071
Partitions scanned,,807,122071,114054,78154,122071,76285,17846,122071
Partitions scanned,,808,122071,114131,61869,122071,76200,9213,122071
Partitions scanned,,809,122071,113893,74874,122071,75996,25544,122071
Partitions scanned,,810,122071,114019,74069,122071,76124,32865,122071
Partitions scanned,,811,122071,113852,45917,122071,74947,9157,122071
Partitions scanned,,812,122071,113965,70882,122071,76093,25582,122071
Partitions scanned,,813,122071,113989,56912,122071,76155,17701,122071
Partitions scanned,,814,122071,113771,62189,122071,76231,17868,122071
Partitions scanned,,815,122071,113670,74303,122071,74724,25570,122071
Partitions scanned,,816,122071,113723,66524,122071,74968,9129,122071
Partitions scanned,,817,122071,113857,61956,122071,75517,25563,122071
Partitions scanned,,818,122071,113810,46000,122071,74939,9253,122071
Partitions scanned,,819,122071,113923,70688,122071,75573,32980,122071
Partitions scanned,,820,122071,114218,78144,122071,76616,9026,122071
Partitions scanned,,821,122071,114154,45708,122071,76654,17608,122071
Partitions scanned,,822,122071,113921,78237,122071,75729,9105,122071
Partitions scanned,,823,122071,114002,51767,122071,76289,9185,122071
Partitions scanned,,824,122071,113994,61632,122071,76221,9135,122071
Partitions scanned,,825,122071,114127,39742,122071,76775,9146,122071
Partitions scanned,,826,122071,114155,51674,122071,76707,17598,122071
Partitions scanned,,827,122071,113888,61899,122071,75500,9301,122071
Partitions scanned,,828,122071,113936,94648,122071,74726,17812,122071
Partitions scanned,,829,122071,114129,56887,122071,76954,17819,122071
Partitions scanned,,830,122071,113811,74471,122071,75875,9059,122071
Partitions scanned,,831,122071,114091,66658,122071,76452,9314,122071
Partitions scanned,,832,122071,113921,61836,122071,75717,17806,122071
Partitions scanned,,833,122071,113603,56906,122071,74220,17727,122071
Partitions scanned,,834,122071,114157,45738,122071,76447,17605,122071
Partitions scanned,,835,122071,113919,39420,122071,75911,25525,122071
Partitions scanned,,836,122071,114054,81330,122071,76044,17740,122071
Partitions scanned,,837,122071,113854,61812,122071,75798,25596,122071
Partitions scanned,,838,122071,113675,51706,122071,74283,9167,122071
Partitions scanned,,839,122071,113974,57084,122071,75681,17879,122071
Partitions scanned,,840,122071,114165,46088,122071,76921,9371,122071
Partitions scanned,,841,122071,113736,51607,122071,75922,9291,122071
Partitions scanned,,842,122071,113763,61977,122071,74499,9276,122071
Partitions scanned,,843,122071,113892,51902,122071,75168,9273,122071
Partitions scanned,,844,122071,114109,81460,122071,76654,17736,122071
Partitions scanned,,845,122071,114124,74526,122071,76492,17904,122071
Partitions scanned,,846,122071,113801,33017,122071,74696,9320,122071
Partitions scanned,,847,122071,114129,61896,122071,76683,9200,122071
Partitions scanned,,848,122071,113998,45792,122071,75404,9251,122071
Partitions scanned,,849,122071,113641,51489,122071,74238,17629,122071
Partitions scanned,,850,122071,114152,51848,122071,76497,9248,122071
Partitions scanned,,851,122071,113875,81427,122071,75467,25747,122071
Partitions scanned,,852,122071,113723,51865,122071,75558,9164,122071
Partitions scanned,,853,122071,113863,56720,122071,75317,9326,122071
Partitions scanned,,854,122071,113876,74628,122071,75072,9171,122071
Partitions scanned,,855,122071,113558,32962,122071,74369,17750,122071
Partitions scanned,,856,122071,114124,57092,122071,76289,25645,122071
Partitions scanned,,857,122071,113760,66242,122071,75344,25427,122071
Partitions scanned,,858,122071,113646,32923,122071,74704,9109,122071
Partitions scanned,,859,122071,113507,51598,122071,74138,9156,122071
Partitions scanned,,860,122071,114080,70599,122071,76325,17631,122071
Partitions scanned,,861,122071,113965,56839,122071,76113,25905,122071
Partitions scanned,,862,122071,114058,46037,122071,76418,9162,122071
Partitions scanned,,863,122071,113800,78082,122071,74877,25817,122071
Partitions scanned,,864,122071,113954,39781,122071,76354,18071,122071
Partitions scanned,,865,122071,114072,33218,122071,76888,9341,122071
Partitions scanned,,866,122071,114097,46053,122071,76704,9272,122071
Partitions scanned,,867,122071,113584,57019,122071,74054,17757,122071
Partitions scanned,,868,122071,113706,51864,122071,75373,9288,122071
Partitions scanned,,869,122071,113972,56981,122071,75961,9205,122071
Partitions scanned,,870,122071,113767,70528,122071,75441,17762,122071
Partitions scanned,,871,122071,113863,56732,122071,74947,9259,122071
Partitions scanned,,872,122071,114067,70423,122071,76161,17595,122071
Partitions scanned,,873,122071,113621,45995,122071,74761,17725,122071
Partitions scanned,,874,122071,114159,84303,122071,76770,25756,122071
Partitions scanned,,875,122071,113700,70845,122071,74643,17756,122071
Partitions scanned,,876,122071,114076,56619,122071,76659,25485,122071
Partitions scanned,,877,122071,113865,56872,122071,74930,9200,122071
Partitions scanned,,878,122071,114267,57278,122071,76531,25624,122071
Partitions scanned,,879,122071,113918,66433,122071,75760,9080,122071
Partitions scanned,,880,122071,114046,51753,122071,76398,17737,122071
Partitions scanned,,881,122071,113918,62071,122071,76302,9220,122071
Partitions scanned,,882,122071,114034,62057,122071,76457,9319,122071
Partitions scanned,,883,122071,113776,66236,122071,74598,9239,122071
Partitions scanned,,884,122071,113890,62155,122071,76305,9364,122071
Partitions scanned,,885,122071,114027,61847,122071,76209,9306,122071
Partitions scanned,,886,122071,113769,39975,122071,74602,9282,122071
Partitions scanned,,887,122071,113833,66845,122071,75064,9348,122071
Partitions scanned,,888,122071,114097,70215,122071,76270,17546,122071
Partitions scanned,,889,122071,114085,57126,122071,76173,9221,122071
Partitions scanned,,890,122071,114019,74653,122071,76311,17870,122071
Partitions scanned,,891,122071,113795,78025,122071,74768,17739,122071
Partitions scanned,,892,122071,113812,74580,122071,76149,17790,122071
Partitions scanned,,893,122071,114347,81460,122071,76473,17741,122071
Partitions scanned,,894,122071,114083,61875,122071,76271,17732,122071
Partitions scanned,,895,122071,113757,74737,122071,74818,25509,122071
Partitions scanned,,896,122071,114080,39782,122071,76162,17852,122071
Partitions scanned,,897,122071,113927,61989,122071,75778,17636,122071
Partitions scanned,,898,122071,114093,32790,122071,76497,9255,122071
Partitions scanned,,899,122071,114160,98583,122071,76618,39943,122071
Partitions scanned,,900,122071,113896,62010,122071,75487,18018,122071
Partitions scanned,,901,122071,113929,66437,122071,75757,25500,122071
Partitions scanned,,902,122071,114041,74577,122071,76327,9214,122071
Partitions scanned,,903,122071,113950,81348,122071,75850,17774,122071
Partitions scanned,,904,122071,113926,46087,122071,75364,17934,122071
Partitions scanned,,905,122071,114021,39853,122071,76388,17828,122071
Partitions scanned,,906,122071,113989,56732,122071,76298,32772,122071
Partitions scanned,,907,122071,114203,78045,122071,76577,9224,122071
Partitions scanned,,908,122071,113930,51804,122071,76279,9260,122071
Partitions scanned,,909,122071,113624,56767,122071,74613,9103,122071
Partitions scanned,,910,122071,114084,56767,122071,76421,17637,122071
Partitions scanned,,911,122071,114206,51725,122071,76578,9225,122071
Partitions scanned,,912,122071,114119,74616,122071,76430,17845,122071
Partitions scanned,,913,122071,113748,61782,122071,75298,9028,122071
Partitions scanned,,914,122071,113952,52058,122071,75161,17895,122071
Partitions scanned,,915,122071,114264,81762,122071,76821,17725,122071
Partitions scanned,,916,122071,114051,57228,122071,76358,17815,122071
Partitions scanned,,917,122071,113837,57072,122071,75552,17843,122071
Partitions scanned,,918,122071,113978,81098,122071,75640,17646,122071
Partitions scanned,,919,122071,114033,51532,122071,76372,9321,122071
Partitions scanned,,920,122071,113642,39702,122071,74828,17745,122071
Partitions scanned,,921,122071,113821,61796,122071,75826,9196,122071
Partitions scanned,,922,122071,113898,56781,122071,75918,25537,122071
Partitions scanned,,923,122071,113840,74575,122071,75598,17625,122071
Partitions scanned,,924,122071,113774,56815,122071,74857,9308,122071
Partitions scanned,,925,122071,113918,56925,122071,76052,9243,122071
Partitions scanned,,926,122071,114111,61933,122071,76270,9273,122071
Partitions scanned,,927,122071,114016,70734,122071,76003,25585,122071
Partitions scanned,,928,122071,114178,56888,122071,76437,17690,122071
Partitions scanned,,929,122071,113790,56976,122071,74603,25420,122071
Partitions scanned,,930,122071,114080,81474,122071,76457,17609,122071
Partitions scanned,,931,122071,113862,45804,122071,76123,17822,122071
Partitions scanned,,932,122071,113683,84550,122071,74183,17995,122071
Partitions scanned,,933,122071,113950,62011,122071,76226,9261,122071
Partitions scanned,,934,122071,114054,77870,122071,76471,9321,122071
Partitions scanned,,935,122071,113933,66644,122071,75541,9126,122071
Partitions scanned,,936,122071,114011,39597,122071,76056,9272,122071
Partitions scanned,,937,122071,114114,56893,122071,76526,25761,122071
Partitions scanned,,938,122071,113859,87285,122071,76421,45744,122071
Partitions scanned,,939,122071,114089,45790,122071,75859,9283,122071
Partitions scanned,,940,122071,114092,45730,122071,76259,9099,122071
Partitions scanned,,941,122071,114044,51834,122071,76524,9328,122071
Partitions scanned,,942,122071,113670,81442,122071,75408,32754,122071
Partitions scanned,,943,122071,113857,51727,122071,74637,9230,122071
Partitions scanned,,944,122071,113909,62054,122071,75717,17714,122071
Partitions scanned,,945,122071,113902,66593,122071,75656,17880,122071
Partitions scanned,,946,122071,114101,66823,122071,76168,9201,122071
Partitions scanned,,947,122071,113984,66454,122071,76201,9227,122071
Partitions scanned,,948,122071,114030,62195,122071,76462,9277,122071
Partitions scanned,,949,122071,113880,78159,122071,75428,25889,122071
Partitions scanned,,950,122071,113699,66532,122071,74537,17513,122071
Partitions scanned,,951,122071,113938,92538,122071,76247,9282,122071
Partitions scanned,,952,122071,114052,32872,122071,76295,9085,122071
Partitions scanned,,953,122071,114061,61929,122071,76054,17676,122071
Partitions scanned,,954,122071,113842,61802,122071,75377,9315,122071
Partitions scanned,,955,122071,113972,74336,122071,76183,9222,122071
Partitions scanned,,956,122071,114049,51650,122071,76324,17940,122071
Partitions scanned,,957,122071,113921,81423,122071,76269,9242,122071
Partitions scanned,,958,122071,113818,62039,122071,75757,17870,122071
Partitions scanned,,959,122071,114006,39607,122071,76355,9155,122071
Partitions scanned,,960,122071,114080,51844,122071,76601,9225,122071
Partitions scanned,,961,122071,113794,56750,122071,75772,9187,122071
Partitions scanned,,962,122071,114043,61771,122071,76496,9114,122071
Partitions scanned,,963,122071,114137,74413,122071,76195,17867,122071
Partitions scanned,,964,122071,114072,89632,122071,76516,17737,122071
Partitions scanned,,965,122071,113882,45707,122071,76304,9269,122071
Partitions scanned,,966,122071,114247,56761,122071,76699,9130,122071
Partitions scanned,,967,122071,114094,70399,122071,76159,9117,122071
Partitions scanned,,968,122071,113786,66571,122071,75625,9304,122071
Partitions scanned,,969,122071,114031,57098,122071,76099,9253,122071
Partitions scanned,,970,122071,114095,51610,122071,76365,9211,122071
Partitions scanned,,971,122071,114023,57172,122071,76409,9258,122071
Partitions scanned,,972,122071,114065,61506,122071,76411,17693,122071
Partitions scanned,,973,122071,113975,61527,122071,76018,9210,122071
Partitions scanned,,974,122071,113905,39779,122071,76276,9157,122071
Partitions scanned,,975,122071,114134,74428,122071,76888,17774,122071
Partitions scanned,,976,122071,114230,66733,122071,76988,9280,122071
Partitions scanned,,977,122071,113698,61978,122071,74345,9278,122071
Partitions scanned,,978,122071,114085,56930,122071,76644,25557,122071
Partitions scanned,,979,122071,113927,70362,122071,75847,9071,122071
Partitions scanned,,980,122071,113574,66308,122071,74763,17798,122071
Partitions scanned,,981,122071,113680,66629,122071,74573,25869,122071
Partitions scanned,,982,122071,114021,51798,122071,76183,33149,122071
Partitions scanned,,983,122071,114038,70749,122071,75997,17791,122071
Partitions scanned,,984,122071,114329,70827,122071,76783,25757,122071
Partitions scanned,,985,122071,113849,74383,122071,74967,17466,122071
Partitions scanned,,986,122071,113684,45673,122071,75085,17631,122071
Partitions scanned,,987,122071,114094,40062,122071,76325,9343,122071
Partitions scanned,,988,122071,114039,70634,122071,75611,17894,122071
Partitions scanned,,989,122071,114105,61806,122071,76532,9172,122071
Partitions scanned,,990,122071,113804,66488,122071,75340,17859,122071
Partitions scanned,,991,122071,113847,51617,122071,74847,17618,122071
Partitions scanned,,992,122071,113967,78185,122071,76455,25550,122071
Partitions scanned,,993,122071,114024,56957,122071,75527,9219,122071
Partitions scanned,,994,122071,113585,45884,122071,74378,9137,122071
Partitions scanned,,995,122071,113638,57207,122071,74870,9236,122071
Partitions scanned,,996,122071,113899,56908,122071,74866,17780,122071
Partitions scanned,,997,122071,113992,39982,122071,76443,17966,122071
Partitions scanned,,998,122071,113848,39656,122071,75524,25678,122071
Partitions scanned,,999,122071,113733,70733,122071,75420,9125,122071
Partitions scanned,,1000,122071,113874,39624,122071,74741,9231,122071
