Name,Unit,Query,Min/max,Min/max clusters (10x),Bloom filter (10x),Dictionary (10x),Min/max clusters (100x),Bloom filter (100x),Dictionary (100x),Min/max clusters (1000x),Bloom filter (1000x),Dictionary (1000x)
Partitions scanned,,1,89521,1,89093,89521,1,36905,89521,1,4719,89521
Partitions scanned,,2,47089,1,46849,47089,1,19280,47089,0,2448,47089
Partitions scanned,,3,8573,1,8523,8573,1,3466,8573,1,389,8573
Partitions scanned,,4,21886,1,21778,21886,1,9054,21886,0,1130,21886
Partitions scanned,,5,49855,1,49593,49855,1,20580,49855,1,2572,49855
Partitions scanned,,6,67675,1,67354,67675,1,27992,67675,1,3464,67675
Partitions scanned,,7,80697,1,80272,80697,1,33174,80697,0,4178,80697
Partitions scanned,,8,65862,1,65552,65862,1,27008,65862,1,3322,65862
Partitions scanned,,9,49657,1,49414,49657,1,20527,49657,0,2566,49657
Partitions scanned,,10,80219,1,79858,80219,1,33189,80219,1,4114,80219
Partitions scanned,,11,55959,1,55672,55959,1,23100,55959,1,2981,55959
Partitions scanned,,12,57910,1,57600,57910,1,23612,57910,0,2962,57910
Partitions scanned,,13,76656,1,76282,76656,1,31514,76656,0,3950,76656
Partitions scanned,,14,86772,1,86341,86772,1,35749,86772,1,4506,86772
Partitions scanned,,15,59880,1,59593,59880,1,24676,59880,1,3110,59880
Partitions scanned,,16,89053,1,88629,89053,1,36710,89053,1,4708,89053
Partitions scanned,,17,99212,1,98694,99212,0,40883,99212,0,5217,99212
Partitions scanned,,18,85314,1,84884,85314,1,35220,85314,0,4474,85314
Partitions scanned,,19,39180,1,38991,39180,1,16174,39180,1,1984,39180
Partitions scanned,,20,95672,1,95210,95672,1,39325,95672,1,4877,95672
Partitions scanned,,21,47071,1,46811,47071,1,19261,47071,1,2437,47071
Partitions scanned,,22,88811,1,88346,88811,1,36467,88811,1,4655,88811
Partitions scanned,,23,79036,1,78667,79036,1,32509,79036,1,4185,79036
Partitions scanned,,24,19869,1,19765,19869,1,8154,19869,0,966,19869
Partitions scanned,,25,10713,1,10655,10713,1,4473,10713,0,582,10713
Partitions scanned,,26,66851,1,66512,66851,1,27552,66851,1,3418,66851
Partitions scanned,,27,76646,1,76268,76646,1,31672,76646,1,3976,76646
Partitions scanned,,28,27590,1,27450,27590,1,11456,27590,1,1412,27590
Partitions scanned,,29,48948,1,48703,48948,1,20283,48948,1,2465,48948
Partitions scanned,,30,11220,1,11171,11220,1,4619,11220,0,596,11220
Partitions scanned,,31,58333,1,58019,58333,1,23976,58333,1,2942,58333
Partitions scanned,,32,41115,1,40923,41115,1,16938,41115,1,2041,41115
Partitions scanned,,33,53412,1,53143,53412,1,22037,53412,1,2870,53412
Partitions scanned,,34,19515,1,19420,19515,1,8028,19515,0,1056,19515
Partitions scanned,,35,85901,1,85473,85901,1,35335,85901,1,4350,85901
Partitions scanned,,36,52836,1,52571,52836,1,21553,52836,1,2673,52836
Partitions scanned,,37,20487,1,20393,20487,1,8347,20487,1,1065,20487
Partitions scanned,,38,1164,1,1158,1164,1,484,1164,0,69,1164
Partitions scanned,,39,16627,1,16538,16627,1,6789,16627,1,825,16627
Partitions scanned,,40,85266,1,84882,85266,1,35157,85266,1,4401,85266
Partitions scanned,,41,78241,1,77848,78241,1,32105,78241,1,4028,78241
Partitions scanned,,42,86142,1,85748,86142,1,35443,86142,1,4382,86142
Partitions scanned,,43,66290,1,65957,66290,1,27385,66290,1,3478,66290
Partitions scanned,,44,22801,1,22689,22801,1,9355,22801,0,1201,22801
Partitions scanned,,45,7939,1,7901,7939,0,3192,7939,0,378,7939
Partitions scanned,,46,10084,1,10040,10084,1,4153,10084,0,507,10084
Partitions scanned,,47,13140,1,13072,13140,1,5255,13140,1,589,13140
Partitions scanned,,48,97013,1,96497,97013,1,40141,97013,1,4955,97013
Partitions scanned,,49,73782,1,73407,73782,1,30478,73782,1,3795,73782
Partitions scanned,,50,14472,1,14399,14472,1,6000,14472,1,755,14472
Partitions scanned,,51,87616,1,87163,87616,1,36088,87616,0,4553,87616
Partitions scanned,,52,4159,1,4145,4159,0,1732,4159,0,214,4159
Partitions scanned,,53,75299,1,74953,75299,1,30872,75299,1,3897,75299
Partitions scanned,,54,95704,1,95236,95704,1,39547,95704,1,4912,95704
Partitions scanned,,55,28069,1,27925,28069,1,11538,28069,1,1446,28069
Partitions scanned,,56,89564,1,89107,89564,1,36793,89564,1,4633,89564
Partitions scanned,,57,95406,1,94941,95406,1,39402,95406,1,4868,95406
Partitions scanned,,58,23117,1,23008,23117,1,9511,23117,1,1205,23117
Partitions scanned,,59,92519,1,92069,92519,1,38116,92519,1,4790,92519
Partitions scanned,,60,71771,1,71377,71771,1,29533,71771,0,3776,71771
Partitions scanned,,61,20364,1,20245,20364,1,8351,20364,0,972,20364
Partitions scanned,,62,75641,1,75286,75641,1,31278,75641,1,3997,75641
Partitions scanned,,63,39687,1,39495,39687,1,16327,39687,1,2110,39687
Partitions scanned,,64,63212,1,62893,63212,1,25875,63212,1,3182,63212
Partitions scanned,,65,90218,1,89776,90218,1,37151,90218,1,4830,90218
Partitions scanned,,66,59121,1,58851,59121,1,24226,59121,1,3058,59121
Partitions scanned,,67,99404,1,98875,99404,1,40939,99404,1,5118,99404
Partitions scanned,,68,86587,1,86154,86587,1,35594,86587,1,4542,86587
Partitions scanned,,69,90429,1,89981,90429,1,37177,90429,1,4679,90429
Partitions scanned,,70,10662,1,10617,10662,1,4330,10662,1,531,10662
Partitions scanned,,71,82640,1,82193,82640,1,34095,82640,1,4360,82640
Partitions scanned,,72,30843,1,30672,30843,1,12729,30843,1,1586,30843
Partitions scanned,,73,41554,1,41347,41554,1,16987,41554,1,2123,41554
Partitions scanned,,74,41458,1,41289,41458,1,17161,41458,0,2131,41458
Partitions scanned,,75,63091,1,62784,63091,1,25999,63091,1,3306,63091
Partitions scanned,,76,67688,1,67372,67688,1,27935,67688,1,3507,67688
Partitions scanned,,77,93456,1,92978,93456,1,38494,93456,1,4773,93456
Partitions scanned,,78,28876,1,28756,28876,1,11905,28876,0,1422,28876
Partitions scanned,,79,1026,1,1020,1026,1,433,1026,1,50,1026
Partitions scanned,,80,41316,1,41115,41316,1,17187,41316,0,2158,41316
Partitions scanned,,81,28015,1,27862,28015,1,11414,28015,0,1457,28015
Partitions scanned,,82,20557,1,20455,20557,1,8388,20557,1,1057,20557
Partitions scanned,,83,67393,1,67076,67393,1,27724,67393,1,3553,67393
Partitions scanned,,84,53853,1,53587,53853,1,21969,53853,1,2737,53853
Partitions scanned,,85,50103,1,49864,50103,1,20710,50103,1,2634,50103
Partitions scanned,,86,28587,1,28448,28587,1,11813,28587,0,1511,28587
Partitions scanned,,87,69260,1,68926,69260,1,28350,69260,1,3605,69260
Partitions scanned,,88,84260,1,83829,84260,1,34787,84260,1,4275,84260
Partitions scanned,,89,50041,1,49776,50041,1,20579,50041,1,2518,50041
Partitions scanned,,90,8194,1,8149,8194,1,3375,8194,0,402,8194
Partitions scanned,,91,87994,1,87547,87994,1,36201,87994,0,4594,87994
Partitions scanned,,92,49704,1,49473,49704,1,20425,49704,0,2580,49704
Partitions scanned,,93,50167,1,49918,50167,1,20566,50167,1,2698,50167
Partitions scanned,,94,67010,1,66677,67010,0,27471,67010,0,3441,67010
Partitions scanned,,95,52778,1,52530,52778,1,21869,52778,1,2690,52778
Partitions scanned,,96,81420,1,81031,81420,1,33866,81420,0,4201,81420
Partitions scanned,,97,58406,1,58121,58406,1,24087,58406,1,3040,58406
Partitions scanned,,98,67009,1,66673,67009,1,27566,67009,1,3413,67009
Partitions scanned,,99,57494,1,57189,57494,1,23553,57494,0,3076,57494
Partitions scanned,,100,51236,1,51001,51236,1,21172,51236,1,2634,51236
Partitions scanned,,101,5336,1,5311,5336,1,2240,5336,1,292,5336
Partitions scanned,,102,13491,1,13404,13491,0,5584,13491,0,747,13491
Partitions scanned,,103,48389,1,48163,48389,1,20042,48389,1,2509,48389
Partitions scanned,,104,96456,1,95998,96456,1,39861,96456,0,5007,96456
Partitions scanned,,105,59198,1,58918,59198,1,24122,59198,1,2948,59198
Partitions scanned,,106,98830,1,98395,98830,1,40617,98830,1,5150,98830
Partitions scanned,,107,95910,1,95421,95910,1,39567,95910,0,4963,95910
Partitions scanned,,108,41700,1,41486,41700,1,17280,41700,1,2224,41700
Partitions scanned,,109,47729,1,47496,47729,1,19735,47729,1,2453,47729
Partitions scanned,,110,91041,1,90584,91041,1,37780,91041,0,4797,91041
Partitions scanned,,111,51953,1,51706,51953,1,21255,51953,1,2680,51953
Partitions scanned,,112,81250,1,80825,81250,1,33497,81250,1,4158,81250
Partitions scanned,,113,48403,1,48140,48403,1,20036,48403,1,2479,48403
Partitions scanned,,114,73795,1,73439,73795,1,30540,73795,1,3894,73795
Partitions scanned,,115,47555,1,47304,47555,1,19639,47555,1,2493,47555
Partitions scanned,,116,8719,1,8676,8719,1,3588,8719,1,432,8719
Partitions scanned,,117,50169,1,49930,50169,1,20688,50169,0,2579,50169
Partitions scanned,,118,74217,1,73852,74217,1,30537,74217,1,3754,74217
Partitions scanned,,119,30977,1,30813,30977,1,12882,30977,1,1569,30977
Partitions scanned,,120,83508,1,83086,83508,1,34449,83508,0,4301,83508
Partitions scanned,,121,46964,1,46756,46964,1,19304,46964,1,2426,46964
Partitions scanned,,122,93961,1,93495,93961,1,38646,93961,0,4829,93961
Partitions scanned,,123,12516,1,12445,12516,1,5082,12516,1,606,12516
Partitions scanned,,124,56125,1,55838,56125,1,23045,56125,1,2983,56125
Partitions scanned,,125,41989,1,41782,41989,1,17437,41989,1,2184,41989
Partitions scanned,,126,24113,1,24003,24113,1,10096,24113,1,1328,24113
Partitions scanned,,127,34985,1,34835,34985,1,14453,34985,1,1836,34985
Partitions scanned,,128,85796,1,85421,85796,1,35206,85796,1,4424,85796
Partitions scanned,,129,80276,1,79893,80276,1,33134,80276,1,4191,80276
Partitions scanned,,130,75320,1,74943,75320,1,30891,75320,1,3815,75320
Partitions scanned,,131,57045,1,56751,57045,1,23368,57045,0,2972,57045
Partitions scanned,,132,38234,1,38048,38234,1,15741,38234,1,1924,38234
Partitions scanned,,133,3983,1,3966,3983,1,1661,3983,1,214,3983
Partitions scanned,,134,31604,1,31447,31604,1,13066,31604,1,1606,31604
Partitions scanned,,135,30414,1,30259,30414,1,12511,30414,1,1524,30414
Partitions scanned,,136,38514,1,38306,38514,1,15755,38514,0,2003,38514
Partitions scanned,,137,73805,1,73451,73805,1,30226,73805,1,3755,73805
Partitions scanned,,138,2078,1,2069,2078,1,892,2078,1,97,2078
Partitions scanned,,139,53797,1,53555,53797,1,22279,53797,0,2813,53797
Partitions scanned,,140,19497,1,19397,19497,1,7955,19497,1,1014,19497
Partitions scanned,,141,45382,1,45142,45382,1,18675,45382,1,2349,45382
Partitions scanned,,142,96259,1,95777,96259,1,39891,96259,1,4977,96259
Partitions scanned,,143,21382,1,21280,21382,1,8700,21382,1,1070,21382
Partitions scanned,,144,87068,1,86645,87068,1,35835,87068,0,4409,87068
Partitions scanned,,145,4649,1,4620,4649,1,1900,4649,1,244,4649
Partitions scanned,,146,28500,1,28364,28500,1,11755,28500,1,1478,28500
Partitions scanned,,147,1795,1,1786,1795,1,697,1795,1,83,1795
Partitions scanned,,148,59951,1,59662,59951,1,24564,59951,1,3021,59951
Partitions scanned,,149,68799,1,68434,68799,1,28370,68799,0,3593,68799
Partitions scanned,,150,72481,1,72152,72481,1,29842,72481,1,3662,72481
Partitions scanned,,151,97952,1,97482,97952,0,40321,97952,0,5044,97952
Partitions scanned,,152,49429,1,49171,49429,1,20360,49429,1,2522,49429
Partitions scanned,,153,75724,1,75329,75724,1,31282,75724,1,3930,75724
Partitions scanned,,154,14263,1,14203,14263,1,5897,14263,1,722,14263
Partitions scanned,,155,6206,1,6183,6206,1,2488,6206,1,329,6206
Partitions scanned,,156,25182,1,25074,25182,1,10411,25182,0,1290,25182
Partitions scanned,,157,20319,1,20213,20319,1,8419,20319,1,1109,20319
Partitions scanned,,158,38918,1,38737,38918,1,15982,38918,1,1999,38918
Partitions scanned,,159,52762,1,52503,52762,1,21745,52762,1,2745,52762
Partitions scanned,,160,42705,1,42518,42705,1,17567,42705,0,2154,42705
Partitions scanned,,161,77549,1,77150,77549,1,31771,77549,1,4056,77549
Partitions scanned,,162,35505,1,35315,35505,1,14762,35505,0,1858,35505
Partitions scanned,,163,22293,1,22188,22293,1,9185,22293,1,1151,22293
Partitions scanned,,164,29173,1,29025,29173,1,12091,29173,1,1546,29173
Partitions scanned,,165,28542,1,28389,28542,1,11600,28542,1,1440,28542
Partitions scanned,,166,1333,1,1327,1333,1,542,1333,0,70,1333
Partitions scanned,,167,57205,1,56912,57205,1,23428,57205,1,2924,57205
Partitions scanned,,168,8199,0,8164,8199,0,3331,8199,0,434,8199
Partitions scanned,,169,72947,1,72579,72947,1,30031,72947,1,3760,72947
Partitions scanned,,170,70235,1,69885,70235,1,29127,70235,0,3724,70235
Partitions scanned,,171,27706,1,27584,27706,1,11488,27706,1,1442,27706
Partitions scanned,,172,1581,1,1576,1581,1,638,1581,1,95,1581
Partitions scanned,,173,21591,1,21487,21591,1,8870,21591,1,1106,21591
Partitions scanned,,174,81431,1,81065,81431,1,33562,81431,1,4160,81431
Partitions scanned,,175,48640,1,48424,48640,1,20172,48640,0,2472,48640
Partitions scanned,,176,40780,1,40592,40780,1,16871,40780,1,2131,40780
Partitions scanned,,177,35301,1,35115,35301,1,14398,35301,1,1821,35301
Partitions scanned,,178,9629,1,9574,9629,1,3919,9629,0,508,9629
Partitions scanned,,179,27945,1,27806,27945,1,11449,27945,1,1443,27945
Partitions scanned,,180,1450,1,1447,1450,1,574,1450,1,79,1450
Partitions scanned,,181,39382,1,39196,39382,1,16185,39382,0,1983,39382
Partitions scanned,,182,88051,1,87598,88051,0,36107,88051,0,4445,88051
Partitions scanned,,183,45537,1,45317,45537,1,18608,45537,0,2397,45537
Partitions scanned,,184,30625,1,30486,30625,1,12520,30625,1,1515,30625
Partitions scanned,,185,40355,1,40169,40355,1,16639,40355,1,2116,40355
Partitions scanned,,186,88864,1,88426,88864,1,36372,88864,1,4536,88864
Partitions scanned,,187,30646,1,30491,30646,1,12616,30646,1,1573,30646
Partitions scanned,,188,75740,1,75397,75740,1,30998,75740,1,3877,75740
Partitions scanned,,189,53991,1,53728,53991,1,22337,53991,1,2860,53991
Partitions scanned,,190,74415,1,74050,74415,1,30729,74415,1,3885,74415
Partitions scanned,,191,44549,1,44372,44549,1,18397,44549,1,2275,44549
Partitions scanned,,192,14380,1,14297,14380,1,5859,14380,1,725,14380
Partitions scanned,,193,41598,1,41400,41598,1,17397,41598,1,2242,41598
Partitions scanned,,194,2918,1,2904,2918,1,1218,2918,0,148,2918
Partitions scanned,,195,47018,1,46782,47018,1,19375,47018,1,2442,47018
Partitions scanned,,196,37638,1,37437,37638,1,15485,37638,1,1970,37638
Partitions scanned,,197,48901,1,48672,48901,1,20228,48901,0,2556,48901
Partitions scanned,,198,38767,1,38550,38767,1,16046,38767,1,2012,38767
Partitions scanned,,199,5631,1,5607,5631,1,2290,5631,0,300,5631
Partitions scanned,,200,39951,1,39712,39951,1,16281,39951,1,2041,39951
Partitions scanned,,201,64848,1,64511,64848,1,26663,64848,0,3359,64848
Partitions scanned,,202,65274,1,64936,65274,1,27045,65274,1,3386,65274
Partitions scanned,,203,65693,1,65357,65693,1,27097,65693,1,3442,65693
Partitions scanned,,204,296,1,295,296,0,120,296,0,11,296
Partitions scanned,,205,75206,1,74851,75206,1,31107,75206,1,4006,75206
Partitions scanned,,206,59467,1,59178,59467,1,24510,59467,1,3050,59467
Partitions scanned,,207,9937,1,9885,9937,1,4088,9937,0,531,9937
Partitions scanned,,208,42763,1,42563,42763,1,17566,42763,0,2292,42763
Partitions scanned,,209,15142,0,15059,15142,0,6168,15142,0,814,15142
Partitions scanned,,210,11849,1,11789,11849,1,4972,11849,0,641,11849
Partitions scanned,,211,73133,1,72780,73133,1,30348,73133,1,3942,73133
Partitions scanned,,212,50439,1,50209,50439,1,20815,50439,1,2542,50439
Partitions scanned,,213,67471,1,67125,67471,1,27656,67471,1,3396,67471
Partitions scanned,,214,61180,1,60870,61180,1,25079,61180,1,3078,61180
Partitions scanned,,215,73144,1,72751,73144,1,30379,73144,1,3889,73144
Partitions scanned,,216,64645,1,64318,64645,1,26668,64645,1,3315,64645
Partitions scanned,,217,78006,1,77649,78006,1,31947,78006,1,4028,78006
Partitions scanned,,218,55095,1,54837,55095,1,22807,55095,1,2804,55095
Partitions scanned,,219,75070,1,74686,75070,1,30977,75070,1,3893,75070
Partitions scanned,,220,71452,1,71072,71452,1,29345,71452,1,3718,71452
Partitions scanned,,221,99475,1,99011,99475,1,41186,99475,1,5139,99475
Partitions scanned,,222,23149,1,23048,23149,1,9453,23149,0,1183,23149
Partitions scanned,,223,5680,1,5641,5680,1,2370,5680,1,304,5680
Partitions scanned,,224,3005,1,2985,3005,1,1268,3005,1,195,3005
Partitions scanned,,225,49451,1,49203,49451,1,20282,49451,1,2530,49451
Partitions scanned,,226,36940,1,36762,36940,0,15205,36940,0,1932,36940
Partitions scanned,,227,57303,1,57012,57303,1,23587,57303,1,3010,57303
Partitions scanned,,228,58471,1,58195,58471,1,24091,58471,0,3066,58471
Partitions scanned,,229,23512,1,23385,23512,1,9766,23512,1,1182,23512
Partitions scanned,,230,12910,1,12841,12910,1,5313,12910,1,663,12910
Partitions scanned,,231,80217,1,79823,80217,1,33104,80217,1,4186,80217
Partitions scanned,,232,4124,1,4098,4124,1,1713,4124,1,212,4124
Partitions scanned,,233,19929,1,19830,19929,1,8366,19929,1,1013,19929
Partitions scanned,,234,6009,1,5974,6009,1,2481,6009,1,305,6009
Partitions scanned,,235,9958,1,9909,9958,1,4115,9958,0,502,9958
Partitions scanned,,236,10786,1,10727,10786,1,4377,10786,1,551,10786
Partitions scanned,,237,90958,1,90517,90958,1,37251,90958,1,4699,90958
Partitions scanned,,238,82804,1,82416,82804,1,34017,82804,1,4358,82804
Partitions scanned,,239,67689,1,67331,67689,1,27912,67689,1,3438,67689
Partitions scanned,,240,40124,1,39943,40124,1,16518,40124,0,2125,40124
Partitions scanned,,241,52135,1,51910,52135,1,21443,52135,1,2608,52135
Partitions scanned,,242,36542,1,36382,36542,1,15052,36542,0,1912,36542
Partitions scanned,,243,69252,1,68907,69252,1,28577,69252,1,3641,69252
Partitions scanned,,244,66864,1,66536,66864,1,27520,66864,0,3539,66864
Partitions scanned,,245,31029,1,30881,31029,1,12799,31029,1,1623,31029
Partitions scanned,,246,25995,1,25899,25995,0,10711,25995,0,1350,25995
Partitions scanned,,247,32745,1,32586,32745,1,13485,32745,1,1733,32745
Partitions scanned,,248,43600,1,43410,43600,1,17907,43600,1,2273,43600
Partitions scanned,,249,85215,1,84825,85215,1,35191,85215,0,4399,85215
Partitions scanned,,250,65394,1,65074,65394,1,26708,65394,0,3317,65394
Partitions scanned,,251,70265,1,69909,70265,1,28928,70265,1,3768,70265
Partitions scanned,,252,82976,1,82585,82976,1,34307,82976,1,4252,82976
Partitions scanned,,253,8938,1,8893,8938,1,3625,8938,1,459,8938
Partitions scanned,,254,24482,1,24380,24482,1,10137,24482,1,1314,24482
Partitions scanned,,255,47191,1,46960,47191,1,19441,47191,1,2429,47191
Partitions scanned,,256,76107,1,75698,76107,1,31366,76107,1,3882,76107
Partitions scanned,,257,39896,1,39732,39896,1,16414,39896,1,2159,39896
Partitions scanned,,258,10496,1,10445,10496,1,4384,10496,1,573,10496
Partitions scanned,,259,80502,1,80072,80502,1,33161,80502,1,4256,80502
Partitions scanned,,260,72024,1,71709,72024,1,29972,72024,1,3789,72024
Partitions scanned,,261,17339,1,17251,17339,0,7067,17339,0,861,17339
Partitions scanned,,262,57250,1,56990,57250,1,23622,57250,0,2968,57250
Partitions scanned,,263,19213,1,19119,19213,1,7918,19213,0,997,19213
Partitions scanned,,264,97898,1,97412,97898,1,40519,97898,0,5152,97898
Partitions scanned,,265,70630,1,70271,70630,0,29034,70630,0,3713,70630
Partitions scanned,,266,36155,1,35979,36155,1,14936,36155,0,1861,36155
Partitions scanned,,267,56221,1,55917,56221,1,22875,56221,1,2896,56221
Partitions scanned,,268,73878,1,73484,73878,1,30514,73878,1,3734,73878
Partitions scanned,,269,81463,1,81030,81463,1,33607,81463,1,4127,81463
Partitions scanned,,270,5283,1,5261,5283,1,2155,5283,1,278,5283
Partitions scanned,,271,72780,1,72430,72780,1,29845,72780,0,3691,72780
Partitions scanned,,272,34324,1,34171,34324,1,14230,34324,0,1721,34324
Partitions scanned,,273,53822,1,53521,53822,1,22120,53822,1,2818,53822
Partitions scanned,,274,59460,1,59183,59460,1,24430,59460,1,3056,59460
Partitions scanned,,275,35999,1,35819,35999,1,14637,35999,1,1819,35999
Partitions scanned,,276,78874,1,78487,78874,1,32358,78874,0,3989,78874
Partitions scanned,,277,73432,1,73052,73432,1,30297,73432,1,3921,73432
Partitions scanned,,278,40572,1,40361,40572,1,16546,40572,1,2044,40572
Partitions scanned,,279,87416,1,86957,87416,1,36171,87416,1,4491,87416
Partitions scanned,,280,72462,1,72109,72462,1,30032,72462,1,3864,72462
Partitions scanned,,281,46881,1,46656,46881,1,19420,46881,1,2418,46881
Partitions scanned,,282,55532,1,55232,55532,1,23017,55532,1,2868,55532
Partitions scanned,,283,24107,1,23977,24107,1,9855,24107,1,1225,24107
Partitions scanned,,284,35678,1,35503,35678,1,14682,35678,1,1882,35678
Partitions scanned,,285,46919,1,46699,46919,1,19474,46919,1,2420,46919
Partitions scanned,,286,60874,1,60566,60874,0,25273,60874,0,3307,60874
Partitions scanned,,287,18484,1,18393,18484,1,7696,18484,0,906,18484
Partitions scanned,,288,67304,1,66978,67304,1,27690,67304,1,3547,67304
Partitions scanned,,289,62244,1,61949,62244,1,25560,62244,1,3094,62244
Partitions scanned,,290,15003,1,14919,15003,1,6178,15003,1,735,15003
Partitions scanned,,291,7123,1,7087,7123,1,2940,7123,1,368,7123
Partitions scanned,,292,16810,1,16715,16810,1,6989,16810,1,875,16810
Partitions scanned,,293,28786,1,28634,28786,1,11750,28786,0,1497,28786
Partitions scanned,,294,33176,1,32984,33176,1,13772,33176,1,1725,33176
Partitions scanned,,295,67196,1,66853,67196,1,27435,67196,1,3513,67196
Partitions scanned,,296,98354,1,97859,98354,1,40671,98354,1,5128,98354
Partitions scanned,,297,83376,1,82961,83376,1,34325,83376,1,4468,83376
Partitions scanned,,298,86516,1,86109,86516,1,35591,86516,1,4537,86516
Partitions scanned,,299,77401,1,77010,77401,1,31637,77401,0,3976,77401
Partitions scanned,,300,57817,1,57537,57817,0,23757,57817,0,3003,57817
Partitions scanned,,301,43531,1,43288,43531,1,17984,43531,0,2256,43531
Partitions scanned,,302,10379,1,10324,10379,1,4311,10379,0,541,10379
Partitions scanned,,303,51282,1,51033,51282,1,20973,51282,1,2613,51282
Partitions scanned,,304,91957,1,91471,91957,1,37744,91957,0,4726,91957
Partitions scanned,,305,222,1,221,222,1,98,222,1,19,222
Partitions scanned,,306,9716,1,9654,9716,1,4030,9716,1,489,9716
Partitions scanned,,307,61960,1,61638,61960,1,25415,61960,0,3169,61960
Partitions scanned,,308,98096,1,97606,98096,1,40458,98096,0,5019,98096
Partitions scanned,,309,72066,1,71717,72066,1,29726,72066,1,3755,72066
Partitions scanned,,310,27515,1,27376,27515,1,11392,27515,0,1442,27515
Partitions scanned,,311,90563,1,90126,90563,1,37575,90563,1,4629,90563
Partitions scanned,,312,60057,1,59790,60057,1,24743,60057,1,3126,60057
Partitions scanned,,313,73281,1,72911,73281,1,30204,73281,0,3857,73281
Partitions scanned,,314,26937,1,26815,26937,1,11139,26937,0,1433,26937
Partitions scanned,,315,54823,1,54557,54823,1,22441,54823,0,2777,54823
Partitions scanned,,316,49559,1,49318,49559,1,20618,49559,1,2629,49559
Partitions scanned,,317,81304,1,80887,81304,1,33573,81304,0,4141,81304
Partitions scanned,,318,24837,1,24720,24837,1,10374,24837,0,1319,24837
Partitions scanned,,319,30662,1,30519,30662,1,12761,30662,0,1557,30662
Partitions scanned,,320,7118,1,7077,7118,1,2895,7118,1,362,7118
Partitions scanned,,321,42114,1,41892,42114,1,17344,42114,0,2169,42114
Partitions scanned,,322,67293,1,66972,67293,1,27607,67293,1,3462,67293
Partitions scanned,,323,94420,1,93948,94420,1,38772,94420,1,4948,94420
Partitions scanned,,324,89943,1,89516,89943,1,36902,89943,1,4635,89943
Partitions scanned,,325,26557,1,26424,26557,1,11068,26557,1,1358,26557
Partitions scanned,,326,79595,1,79224,79595,1,32847,79595,1,4202,79595
Partitions scanned,,327,37082,1,36903,37082,1,15290,37082,1,1982,37082
Partitions scanned,,328,22607,1,22498,22607,1,9243,22607,1,1170,22607
Partitions scanned,,329,42771,1,42571,42771,1,17721,42771,1,2219,42771
Partitions scanned,,330,199,1,199,199,1,80,199,1,9,199
Partitions scanned,,331,4269,1,4246,4269,1,1710,4269,0,213,4269
Partitions scanned,,332,89619,1,89168,89619,1,36907,89619,1,4577,89619
Partitions scanned,,333,402,1,401,402,1,166,402,1,26,402
Partitions scanned,,334,83306,1,82915,83306,1,34488,83306,1,4295,83306
Partitions scanned,,335,41094,1,40904,41094,1,16960,41094,1,2194,41094
Partitions scanned,,336,80195,1,79810,80195,1,32910,80195,1,4108,80195
Partitions scanned,,337,86801,1,86398,86801,1,35775,86801,1,4553,86801
Partitions scanned,,338,97412,1,96938,97412,1,40209,97412,0,5025,97412
Partitions scanned,,339,45033,1,44807,45033,1,18673,45033,1,2380,45033
Partitions scanned,,340,37047,1,36874,37047,1,15380,37047,1,1913,37047
Partitions scanned,,341,63384,1,63064,63384,1,26114,63384,1,3244,63384
Partitions scanned,,342,28016,1,27883,28016,1,11525,28016,0,1438,28016
Partitions scanned,,343,47338,1,47099,47338,1,19578,47338,1,2411,47338
Partitions scanned,,344,29059,1,28926,29059,1,12102,29059,0,1503,29059
Partitions scanned,,345,74910,1,74575,74910,1,30959,74910,1,3771,74910
Partitions scanned,,346,55054,1,54803,55054,1,22657,55054,1,2913,55054
Partitions scanned,,347,6562,1,6531,6562,1,2661,6562,1,335,6562
Partitions scanned,,348,85441,1,85056,85441,1,35070,85441,0,4371,85441
Partitions scanned,,349,45321,1,45103,45321,1,18647,45321,0,2353,45321
Partitions scanned,,350,63059,1,62745,63059,1,25959,63059,1,3291,63059
Partitions scanned,,351,71346,1,71025,71346,1,29501,71346,1,3714,71346
Partitions scanned,,352,90597,1,90161,90597,1,37320,90597,0,4750,90597
Partitions scanned,,353,19115,1,19008,19115,1,7857,19115,1,998,19115
Partitions scanned,,354,43839,1,43646,43839,1,18171,43839,0,2311,43839
Partitions scanned,,355,42515,1,42305,42515,1,17530,42515,0,2257,42515
Partitions scanned,,356,6441,1,6417,6441,1,2651,6441,0,328,6441
Partitions scanned,,357,50408,1,50140,50408,1,20743,50408,1,2664,50408
Partitions scanned,,358,10639,1,10583,10639,1,4374,10639,0,551,10639
Partitions scanned,,359,89843,1,89402,89843,1,37217,89843,1,4742,89843
Partitions scanned,,360,97934,1,97451,97934,1,40194,97934,0,5062,97934
Partitions scanned,,361,44495,1,44284,44495,1,18358,44495,1,2362,44495
Partitions scanned,,362,50235,1,49982,50235,1,20646,50235,1,2547,50235
Partitions scanned,,363,95775,1,95309,95775,1,39594,95775,1,4971,95775
Partitions scanned,,364,88632,1,88188,88632,1,36517,88632,1,4481,88632
Partitions scanned,,365,52913,1,52686,52913,1,21842,52913,0,2722,52913
Partitions scanned,,366,61454,1,61158,61454,1,25385,61454,1,3165,61454
Partitions scanned,,367,35184,1,35004,35184,1,14544,35184,0,1854,35184
Partitions scanned,,368,50871,1,50637,50871,1,21111,50871,1,2687,50871
Partitions scanned,,369,94813,1,94338,94813,1,38864,94813,0,4884,94813
Partitions scanned,,370,94149,1,93702,94149,1,39037,94149,0,4802,94149
Partitions scanned,,371,24640,1,24511,24640,1,10128,24640,0,1286,24640
Partitions scanned,,372,59832,1,59565,59832,1,24614,59832,0,3195,59832
Partitions scanned,,373,84517,1,84140,84517,1,34800,84517,1,4347,84517
Partitions scanned,,374,49592,1,49341,49592,1,20484,49592,1,2525,49592
Partitions scanned,,375,35433,1,35280,35433,1,14537,35433,1,1894,35433
Partitions scanned,,376,95319,1,94867,95319,1,39261,95319,1,4892,95319
Partitions scanned,,377,17634,1,17564,17634,1,7265,17634,0,947,17634
Partitions scanned,,378,84766,1,84350,84766,1,34946,84766,1,4369,84766
Partitions scanned,,379,76826,1,76447,76826,1,31544,76826,1,3981,76826
Partitions scanned,,380,29371,1,29258,29371,1,12042,29371,0,1467,29371
Partitions scanned,,381,98459,1,97964,98459,1,40486,98459,0,5038,98459
Partitions scanned,,382,31077,1,30934,31077,1,12846,31077,1,1628,31077
Partitions scanned,,383,76492,1,76102,76492,1,31418,76492,1,3962,76492
Partitions scanned,,384,10775,1,10722,10775,1,4461,10775,1,519,10775
Partitions scanned,,385,38127,1,37953,38127,1,15720,38127,0,1926,38127
Partitions scanned,,386,87847,1,87429,87847,1,36164,87847,0,4506,87847
Partitions scanned,,387,90518,1,90046,90518,1,37334,90518,0,4696,90518
Partitions scanned,,388,78964,1,78597,78964,1,32542,78964,1,4173,78964
Partitions scanned,,389,54945,1,54660,54945,1,22598,54945,0,2896,54945
Partitions scanned,,390,89863,1,89445,89863,1,37238,89863,1,4704,89863
Partitions scanned,,391,57924,1,57645,57924,1,24087,57924,1,3133,57924
Partitions scanned,,392,63145,1,62862,63145,1,26080,63145,1,3318,63145
Partitions scanned,,393,67787,1,67446,67787,1,28114,67787,1,3519,67787
Partitions scanned,,394,48908,1,48683,48908,1,20050,48908,1,2506,48908
Partitions scanned,,395,14894,1,14813,14894,1,6188,14894,1,817,14894
Partitions scanned,,396,90946,1,90477,90946,1,37160,90946,0,4621,90946
Partitions scanned,,397,8280,1,8244,8280,1,3426,8280,1,441,8280
Partitions scanned,,398,26714,1,26589,26714,1,11002,26714,1,1400,26714
Partitions scanned,,399,44838,1,44598,44838,1,18321,44838,1,2340,44838
Partitions scanned,,400,77029,1,76645,77029,1,31920,77029,0,4002,77029
Partitions scanned,,401,8224,1,8178,8224,1,3387,8224,1,405,8224
Partitions scanned,,402,99605,1,99117,99605,1,41031,99605,1,5215,99605
Partitions scanned,,403,29155,1,28988,29155,1,12005,29155,1,1561,29155
Partitions scanned,,404,20576,1,20475,20576,1,8263,20576,1,1063,20576
Partitions scanned,,405,37306,0,37137,37306,0,15258,37306,0,1914,37306
Partitions scanned,,406,35134,1,34944,35134,1,14578,35134,1,1788,35134
Partitions scanned,,407,25742,1,25600,25742,1,10543,25742,1,1322,25742
Partitions scanned,,408,341,1,337,341,1,153,341,1,12,341
Partitions scanned,,409,66649,1,66317,66649,1,27528,66649,1,3381,66649
Partitions scanned,,410,2380,1,2367,2380,1,951,2380,1,107,2380
Partitions scanned,,411,58427,1,58151,58427,1,24264,58427,1,3047,58427
Partitions scanned,,412,73787,1,73424,73787,1,30256,73787,1,3685,73787
Partitions scanned,,413,68950,1,68576,68950,1,28232,68950,1,3504,68950
Partitions scanned,,414,53057,1,52785,53057,1,21924,53057,1,2770,53057
Partitions scanned,,415,1766,1,1759,1766,1,723,1766,0,99,1766
Partitions scanned,,416,13122,1,13052,13122,1,5422,13122,0,687,13122
Partitions scanned,,417,37806,1,37627,37806,1,15468,37806,0,1920,37806
Partitions scanned,,418,12962,1,12898,12962,1,5390,12962,1,712,12962
Partitions scanned,,419,3326,1,3305,3326,1,1388,3326,1,183,3326
Partitions scanned,,420,5820,1,5792,5820,1,2453,5820,1,316,5820
Partitions scanned,,421,99224,1,98748,99224,1,40983,99224,1,5049,99224
Partitions scanned,,422,62265,1,61967,62265,1,25575,62265,0,3355,62265
Partitions scanned,,423,60111,1,59809,60111,1,25105,60111,0,3078,60111
Partitions scanned,,424,93209,1,92737,93209,1,38186,93209,1,4649,93209
Partitions scanned,,425,90836,1,90377,90836,1,37487,90836,1,4581,90836
Partitions scanned,,426,76035,1,75676,76035,1,31182,76035,1,3952,76035
Partitions scanned,,427,95509,1,95038,95509,1,39456,95509,0,4868,95509
Partitions scanned,,428,79865,1,79459,79865,1,32812,79865,0,4108,79865
Partitions scanned,,429,76914,1,76507,76914,1,31893,76914,1,3980,76914
Partitions scanned,,430,53722,1,53442,53722,1,22093,53722,0,2848,53722
Partitions scanned,,431,27218,1,27089,27218,1,11371,27218,0,1403,27218
Partitions scanned,,432,80235,1,79808,80235,1,32994,80235,1,4074,80235
Partitions scanned,,433,88137,1,87700,88137,1,36138,88137,1,4614,88137
Partitions scanned,,434,30375,1,30204,30375,1,12582,30375,1,1567,30375
Partitions scanned,,435,26426,1,26300,26426,1,10844,26426,1,1337,26426
Partitions scanned,,436,88197,1,87779,88197,1,36132,88197,0,4580,88197
Partitions scanned,,437,70848,1,70498,70848,0,29268,70848,0,3580,70848
Partitions scanned,,438,55313,1,55059,55313,1,22953,55313,0,2870,55313
Partitions scanned,,439,47092,1,46834,47092,1,19217,47092,1,2389,47092
Partitions scanned,,440,72646,1,72309,72646,1,29786,72646,1,3788,72646
Partitions scanned,,441,63650,1,63357,63650,1,26144,63650,1,3257,63650
Partitions scanned,,442,80078,1,79658,80078,0,33182,80078,0,4218,80078
Partitions scanned,,443,43259,1,43056,43259,1,17632,43259,0,2216,43259
Partitions scanned,,444,27267,1,27119,27267,1,11219,27267,1,1439,27267
Partitions scanned,,445,53108,1,52844,53108,1,21692,53108,1,2762,53108
Partitions scanned,,446,10259,1,10213,10259,1,4218,10259,1,539,10259
Partitions scanned,,447,53900,1,53637,53900,1,22197,53900,0,2803,53900
Partitions scanned,,448,67124,1,66785,67124,1,27506,67124,1,3510,67124
Partitions scanned,,449,38076,1,37885,38076,1,15473,38076,0,1944,38076
Partitions scanned,,450,40378,1,40195,40378,0,16661,40378,0,2172,40378
Partitions scanned,,451,29843,1,29693,29843,1,12189,29843,1,1479,29843
Partitions scanned,,452,98808,1,98332,98808,1,40888,98808,0,5004,98808
Partitions scanned,,453,14126,1,14049,14126,1,5809,14126,1,709,14126
Partitions scanned,,454,49287,1,49065,49287,1,20300,49287,1,2537,49287
Partitions scanned,,455,31859,1,31686,31859,1,13108,31859,1,1599,31859
Partitions scanned,,456,49310,1,49065,49310,1,20511,49310,1,2614,49310
Partitions scanned,,457,15905,1,15829,15905,1,6586,15905,1,858,15905
Partitions scanned,,458,9313,0,9257,9313,0,3796,9313,0,474,9313
Partitions scanned,,459,81296,1,80902,81296,1,33752,81296,1,4156,81296
Partitions scanned,,460,75616,1,75220,75616,1,31293,75616,1,3861,75616
Partitions scanned,,461,17540,1,17454,17540,1,7179,17540,0,879,17540
Partitions scanned,,462,18328,1,18243,18328,0,7563,18328,0,931,18328
Partitions scanned,,463,45225,1,45007,45225,1,18657,45225,1,2440,45225
Partitions scanned,,464,798,1,796,798,1,351,798,0,48,798
Partitions scanned,,465,40938,1,40735,40938,1,16710,40938,1,2070,40938
Partitions scanned,,466,26759,1,26634,26759,1,11043,26759,1,1391,26759
Partitions scanned,,467,32106,1,31944,32106,1,13156,32106,1,1637,32106
Partitions scanned,,468,38424,1,38208,38424,1,15803,38424,1,2032,38424
Partitions scanned,,469,33551,1,33376,33551,1,13933,33551,1,1721,33551
Partitions scanned,,470,34527,1,34349,34527,1,14255,34527,1,1808,34527
Partitions scanned,,471,25741,1,25607,25741,1,10740,25741,0,1323,25741
Partitions scanned,,472,46642,1,46401,46642,1,19049,46642,1,2392,46642
Partitions scanned,,473,89070,1,88649,89070,1,36940,89070,1,4592,89070
Partitions scanned,,474,82194,1,81788,82194,1,33729,82194,1,4173,82194
Partitions scanned,,475,58870,1,58596,58870,1,24181,58870,0,3092,58870
Partitions scanned,,476,53798,1,53532,53798,1,22070,53798,1,2684,53798
Partitions scanned,,477,82747,1,82378,82747,1,34146,82747,1,4283,82747
Partitions scanned,,478,14625,1,14569,14625,1,5873,14625,1,721,14625
Partitions scanned,,479,56533,1,56237,56533,1,23365,56533,1,2979,56533
Partitions scanned,,480,52723,1,52467,52723,1,21670,52723,0,2680,52723
Partitions scanned,,481,42386,1,42182,42386,1,17439,42386,1,2323,42386
Partitions scanned,,482,1845,1,1838,1845,1,797,1845,1,91,1845
Partitions scanned,,483,83494,1,83080,83494,1,34245,83494,1,4174,83494
Partitions scanned,,484,62218,1,61900,62218,1,25676,62218,1,3210,62218
Partitions scanned,,485,56719,1,56454,56719,1,23268,56719,1,2886,56719
Partitions scanned,,486,56982,1,56696,56982,1,23289,56982,1,2977,56982
Partitions scanned,,487,61259,1,60966,61259,1,25274,61259,1,3228,61259
Partitions scanned,,488,53241,1,52974,53241,1,21936,53241,1,2784,53241
Partitions scanned,,489,30770,1,30606,30770,1,12753,30770,0,1618,30770
Partitions scanned,,490,2195,1,2184,2195,1,888,2195,1,123,2195
Partitions scanned,,491,61120,1,60823,61120,1,25112,61120,1,3070,61120
Partitions scanned,,492,53617,1,53354,53617,1,22109,53617,0,2733,53617
Partitions scanned,,493,69605,1,69218,69605,1,28744,69605,0,3649,69605
Partitions scanned,,494,74226,1,73816,74226,1,30542,74226,1,3946,74226
Partitions scanned,,495,36824,1,36654,36824,1,15303,36824,0,1901,36824
Partitions scanned,,496,11962,1,11893,11962,1,4866,11962,1,604,11962
Partitions scanned,,497,73604,1,73237,73604,1,30480,73604,1,3795,73604
Partitions scanned,,498,62986,1,62649,62986,0,25896,62986,0,3256,62986
Partitions scanned,,499,65284,1,64959,65284,1,26833,65284,0,3350,65284
Partitions scanned,,500,37580,1,37381,37580,1,15400,37580,1,1862,37580
Partitions scanned,,501,83514,1,83109,83514,1,34379,83514,1,4259,83514
Partitions scanned,,502,26132,1,26002,26132,1,10783,26132,1,1367,26132
Partitions scanned,,503,34771,1,34576,34771,0,14395,34771,0,1821,34771
Partitions scanned,,504,15105,1,15022,15105,0,6128,15105,0,762,15105
Partitions scanned,,505,23124,1,23011,23124,1,9488,23124,0,1179,23124
Partitions scanned,,506,88050,1,87601,88050,1,36373,88050,1,4626,88050
Partitions scanned,,507,946,1,940,946,1,393,946,1,57,946
Partitions scanned,,508,85986,1,85561,85986,1,35325,85986,0,4395,85986
Partitions scanned,,509,66124,1,65766,66124,1,26950,66124,1,3373,66124
Partitions scanned,,510,77983,1,77579,77983,1,32120,77983,1,4024,77983
Partitions scanned,,511,4060,1,4043,4060,1,1643,4060,0,197,4060
Partitions scanned,,512,75002,1,74628,75002,1,30806,75002,0,3967,75002
Partitions scanned,,513,82082,1,81691,82082,1,33665,82082,0,4211,82082
Partitions scanned,,514,27303,1,27174,27303,1,11335,27303,0,1352,27303
Partitions scanned,,515,47598,1,47380,47598,1,19605,47598,1,2502,47598
Partitions scanned,,516,15039,1,14974,15039,1,6310,15039,1,744,15039
Partitions scanned,,517,49796,1,49540,49796,1,20635,49796,1,2607,49796
Partitions scanned,,518,38718,1,38537,38718,1,16060,38718,0,2031,38718
Partitions scanned,,519,39353,1,39186,39353,1,16377,39353,1,2088,39353
Partitions scanned,,520,36823,1,36620,36823,1,15003,36823,1,1904,36823
Partitions scanned,,521,8401,1,8367,8401,1,3509,8401,1,446,8401
Partitions scanned,,522,10837,1,10766,10837,1,4542,10837,1,578,10837
Partitions scanned,,523,71250,1,70906,71250,1,29256,71250,0,3698,71250
Partitions scanned,,524,25116,1,24997,25116,1,10504,25116,1,1232,25116
Partitions scanned,,525,62142,1,61833,62142,1,25412,62142,1,3199,62142
Partitions scanned,,526,8062,1,8016,8062,0,3437,8062,0,421,8062
Partitions scanned,,527,96193,1,95724,96193,1,39654,96193,1,5008,96193
Partitions scanned,,528,88463,1,88002,88463,1,36385,88463,1,4544,88463
Partitions scanned,,529,47169,1,46927,47169,1,19360,47169,1,2415,47169
Partitions scanned,,530,10491,1,10435,10491,1,4398,10491,1,534,10491
Partitions scanned,,531,1507,1,1501,1507,1,646,1507,1,79,1507
Partitions scanned,,532,18068,1,17981,18068,1,7430,18068,1,938,18068
Partitions scanned,,533,40693,1,40468,40693,1,16665,40693,1,2139,40693
Partitions scanned,,534,56984,1,56723,56984,1,23445,56984,1,2932,56984
Partitions scanned,,535,15127,1,15071,15127,1,6293,15127,0,767,15127
Partitions scanned,,536,28892,1,28749,28892,1,11932,28892,0,1449,28892
Partitions scanned,,537,65833,1,65532,65833,1,27096,65833,1,3347,65833
Partitions scanned,,538,11514,1,11458,11514,1,4667,11514,1,562,11514
Partitions scanned,,539,64307,1,63986,64307,0,26299,64307,0,3286,64307
Partitions scanned,,540,63910,1,63609,63910,1,26054,63910,1,3272,63910
Partitions scanned,,541,2565,1,2549,2565,1,1079,2565,0,138,2565
Partitions scanned,,542,31986,1,31818,31986,1,13284,31986,1,1646,31986
Partitions scanned,,543,24616,1,24476,24616,0,10165,24616,0,1308,24616
Partitions scanned,,544,91363,1,90935,91363,1,37544,91363,0,4761,91363
Partitions scanned,,545,28865,1,28702,28865,1,11962,28865,0,1534,28865
Partitions scanned,,546,16877,1,16796,16877,1,6892,16877,0,848,16877
Partitions scanned,,547,97898,1,97400,97898,1,40258,97898,1,5073,97898
Partitions scanned,,548,17008,1,16925,17008,1,7066,17008,1,897,17008
Partitions scanned,,549,1933,1,1924,1933,1,807,1933,0,90,1933
Partitions scanned,,550,46355,1,46139,46355,1,19093,46355,1,2376,46355
Partitions scanned,,551,91327,1,90870,91327,1,37647,91327,0,4718,91327
Partitions scanned,,552,32674,1,32528,32674,1,13318,32674,0,1588,32674
Partitions scanned,,553,91637,1,91175,91637,1,37607,91637,1,4713,91637
Partitions scanned,,554,74993,1,74634,74993,1,31044,74993,0,3989,74993
Partitions scanned,,555,49143,1,48922,49143,1,20524,49143,1,2572,49143
Partitions scanned,,556,82728,1,82336,82728,1,34222,82728,1,4314,82728
Partitions scanned,,557,56312,0,56022,56312,0,23313,56312,0,2941,56312
Partitions scanned,,558,29847,1,29693,29847,1,12385,29847,1,1550,29847
Partitions scanned,,559,15879,1,15810,15879,1,6604,15879,0,828,15879
Partitions scanned,,560,45513,1,45289,45513,1,18871,45513,1,2313,45513
Partitions scanned,,561,86553,1,86128,86553,1,35737,86553,0,4507,86553
Partitions scanned,,562,26724,1,26597,26724,1,10882,26724,1,1355,26724
Partitions scanned,,563,53994,1,53758,53994,1,22250,53994,1,2812,53994
Partitions scanned,,564,13918,1,13851,13918,1,5788,13918,1,778,13918
Partitions scanned,,565,91565,1,91098,91565,1,37770,91565,0,4773,91565
Partitions scanned,,566,72306,1,71977,72306,1,30028,72306,1,3825,72306
Partitions scanned,,567,20393,1,20297,20393,0,8525,20393,0,994,20393
Partitions scanned,,568,91412,1,90952,91412,1,37468,91412,0,4609,91412
Partitions scanned,,569,86565,0,86121,86565,0,35536,86565,0,4434,86565
Partitions scanned,,570,7957,1,7925,7957,1,3303,7957,1,387,7957
Partitions scanned,,571,67353,1,66993,67353,1,27590,67353,1,3427,67353
Partitions scanned,,572,44848,1,44648,44848,1,18543,44848,0,2387,44848
Partitions scanned,,573,86507,1,86119,86507,1,35479,86507,0,4395,86507
Partitions scanned,,574,67774,1,67452,67774,1,28076,67774,0,3589,67774
Partitions scanned,,575,65790,1,65488,65790,1,27068,65790,1,3440,65790
Partitions scanned,,576,52628,1,52336,52628,1,21751,52628,1,2646,52628
Partitions scanned,,577,71814,1,71467,71814,1,29605,71814,0,3668,71814
Partitions scanned,,578,25170,1,25028,25170,1,10371,25170,1,1345,25170
Partitions scanned,,579,93117,1,92667,93117,1,38216,93117,1,4820,93117
Partitions scanned,,580,45052,1,44854,45052,1,18625,45052,1,2365,45052
Partitions scanned,,581,72627,1,72238,72627,1,30006,72627,1,3840,72627
Partitions scanned,,582,27934,1,27808,27934,1,11599,27934,1,1436,27934
Partitions scanned,,583,91290,1,90847,91290,1,37540,91290,1,4745,91290
Partitions scanned,,584,31730,1,31572,31730,1,13035,31730,0,1626,31730
Partitions scanned,,585,15372,1,15291,15372,1,6374,15372,1,816,15372
Partitions scanned,,586,14939,1,14866,14939,1,6215,14939,1,849,14939
Partitions scanned,,587,60484,1,60207,60484,1,24762,60484,1,3071,60484
Partitions scanned,,588,89071,1,88616,89071,1,36886,89071,1,4603,89071
Partitions scanned,,589,51266,1,51008,51266,1,21234,51266,1,2727,51266
Partitions scanned,,590,87887,1,87423,87887,1,36228,87887,1,4551,87887
Partitions scanned,,591,59809,1,59519,59809,1,24657,59809,1,3121,59809
Partitions scanned,,592,90113,1,89682,90113,0,37311,90113,0,4724,90113
Partitions scanned,,593,9358,1,9308,9358,1,3861,9358,1,497,9358
Partitions scanned,,594,23495,1,23380,23495,1,9551,23495,1,1178,23495
Partitions scanned,,595,73017,1,72658,73017,1,30020,73017,1,3729,73017
Partitions scanned,,596,12058,1,12009,12058,1,4900,12058,1,614,12058
Partitions scanned,,597,20240,1,20151,20240,1,8368,20240,1,1061,20240
Partitions scanned,,598,89388,1,88961,89388,1,36789,89388,1,4666,89388
Partitions scanned,,599,34235,1,34049,34235,1,14202,34235,1,1772,34235
Partitions scanned,,600,12531,1,12472,12531,1,5239,12531,1,694,12531
Partitions scanned,,601,91688,1,91250,91688,1,37560,91688,1,4779,91688
Partitions scanned,,602,48731,1,48491,48731,1,20131,48731,0,2509,48731
Partitions scanned,,603,47031,1,46815,47031,1,19344,47031,0,2421,47031
Partitions scanned,,604,76829,1,76416,76829,1,31683,76829,1,3984,76829
Partitions scanned,,605,36930,1,36747,36930,1,15261,36930,1,1918,36930
Partitions scanned,,606,26518,1,26385,26518,1,10922,26518,0,1413,26518
Partitions scanned,,607,92145,1,91676,92145,1,38188,92145,1,4906,92145
Partitions scanned,,608,78910,1,78504,78910,1,32663,78910,1,4184,78910
Partitions scanned,,609,76057,1,75679,76057,1,31083,76057,0,3836,76057
Partitions scanned,,610,31493,1,31334,31493,1,13005,31493,0,1657,31493
Partitions scanned,,611,49409,1,49182,49409,1,20468,49409,1,2538,49409
Partitions scanned,,612,45390,1,45169,45390,1,18625,45390,0,2461,45390
Partitions scanned,,613,87752,1,87281,87752,1,36099,87752,0,4476,87752
Partitions scanned,,614,58841,1,58547,58841,1,24261,58841,0,2949,58841
Partitions scanned,,615,16531,1,16466,16531,1,6764,16531,1,809,16531
Partitions scanned,,616,88563,1,88127,88563,1,36589,88563,1,4525,88563
Partitions scanned,,617,15706,1,15628,15706,1,6383,15706,1,824,15706
Partitions scanned,,618,3843,1,3831,3843,1,1620,3843,0,209,3843
Partitions scanned,,619,94342,1,93894,94342,1,39170,94342,0,4980,94342
Partitions scanned,,620,52990,1,52713,52990,1,21792,52990,1,2725,52990
Partitions scanned,,621,37869,1,37687,37869,1,15513,37869,1,1902,37869
Partitions scanned,,622,94309,1,93870,94309,1,38861,94309,1,4882,94309
Partitions scanned,,623,90465,1,90041,90465,1,37480,90465,0,4747,90465
Partitions scanned,,624,38886,1,38687,38886,1,16222,38886,0,2051,38886
Partitions scanned,,625,70687,1,70302,70687,1,28984,70687,1,3630,70687
Partitions scanned,,626,93205,1,92748,93205,1,38368,93205,1,4886,93205
Partitions scanned,,627,60949,1,60661,60949,1,25038,60949,1,3162,60949
Partitions scanned,,628,54789,1,54515,54789,1,22423,54789,1,2763,54789
Partitions scanned,,629,68735,1,68391,68735,1,28355,68735,1,3534,68735
Partitions scanned,,630,3318,1,3302,3318,1,1375,3318,0,160,3318
Partitions scanned,,631,33455,1,33281,33455,1,13628,33455,0,1620,33455
Partitions scanned,,632,8466,1,8427,8466,1,3506,8466,1,407,8466
Partitions scanned,,633,32441,1,32287,32441,1,13347,32441,1,1709,32441
Partitions scanned,,634,14941,1,14878,14941,1,6136,14941,1,757,14941
Partitions scanned,,635,64001,1,63699,64001,1,26418,64001,1,3346,64001
Partitions scanned,,636,14162,1,14109,14162,1,5922,14162,0,720,14162
Partitions scanned,,637,36744,1,36559,36744,1,15264,36744,0,1905,36744
Partitions scanned,,638,51024,1,50776,51024,1,21093,51024,0,2587,51024
Partitions scanned,,639,12855,1,12804,12855,1,5393,12855,1,632,12855
Partitions scanned,,640,66582,1,66270,66582,0,27529,66582,0,3450,66582
Partitions scanned,,641,11822,1,11772,11822,1,4804,11822,1,598,11822
Partitions scanned,,642,92746,1,92273,92746,1,38332,92746,0,4799,92746
Partitions scanned,,643,24905,1,24772,24905,1,10177,24905,1,1270,24905
Partitions scanned,,644,67933,1,67584,67933,0,28095,67933,0,3492,67933
Partitions scanned,,645,36425,1,36243,36425,1,15000,36425,0,1821,36425
Partitions scanned,,646,32999,1,32807,32999,1,13531,32999,0,1691,32999
Partitions scanned,,647,58566,1,58287,58566,1,24028,58566,0,3008,58566
Partitions scanned,,648,11445,1,11394,11445,1,4752,11445,1,584,11445
Partitions scanned,,649,36634,1,36447,36634,0,15185,36634,0,1897,36634
Partitions scanned,,650,79655,1,79234,79655,1,32641,79655,0,4125,79655
Partitions scanned,,651,7232,1,7198,7232,1,2997,7232,1,393,7232
Partitions scanned,,652,17887,1,17796,17887,1,7456,17887,0,941,17887
Partitions scanned,,653,72926,1,72607,72926,1,30037,72926,1,3749,72926
Partitions scanned,,654,29179,1,29060,29179,1,12062,29179,1,1565,29179
Partitions scanned,,655,34775,1,34610,34775,1,14420,34775,1,1835,34775
Partitions scanned,,656,61563,1,61262,61563,1,25323,61563,1,3237,61563
Partitions scanned,,657,20064,1,19960,20064,1,8201,20064,1,1039,20064
Partitions scanned,,658,90168,1,89720,90168,1,37318,90168,1,4672,90168
Partitions scanned,,659,64518,1,64198,64518,1,26401,64518,1,3268,64518
Partitions scanned,,660,72056,1,71713,72056,1,29646,72056,1,3831,72056
Partitions scanned,,661,49920,1,49693,49920,1,20738,49920,1,2589,49920
Partitions scanned,,662,85317,1,84909,85317,1,35381,85317,0,4404,85317
Partitions scanned,,663,46761,0,46533,46761,0,19151,46761,0,2465,46761
Partitions scanned,,664,67514,1,67146,67514,1,27888,67514,1,3487,67514
Partitions scanned,,665,33156,1,32988,33156,1,13677,33156,0,1800,33156
Partitions scanned,,666,27865,1,27728,27865,1,11439,27865,1,1472,27865
Partitions scanned,,667,40109,1,39906,40109,1,16555,40109,1,2087,40109
Partitions scanned,,668,12828,1,12772,12828,1,5285,12828,1,646,12828
Partitions scanned,,669,17472,0,17413,17472,0,7108,17472,0,904,17472
Partitions scanned,,670,48175,1,47928,48175,1,20049,48175,0,2481,48175
Partitions scanned,,671,80236,1,79857,80236,1,33024,80236,1,4064,80236
Partitions scanned,,672,24134,1,24033,24134,1,10026,24134,1,1238,24134
Partitions scanned,,673,10720,1,10652,10720,1,4462,10720,1,572,10720
Partitions scanned,,674,17506,1,17417,17506,1,7306,17506,1,947,17506
Partitions scanned,,675,76212,1,75851,76212,0,31397,76212,0,3883,76212
Partitions scanned,,676,31067,1,30923,31067,1,12791,31067,1,1609,31067
Partitions scanned,,677,97137,1,96678,97137,1,39906,97137,1,4971,97137
Partitions scanned,,678,92222,1,91803,92222,1,37773,92222,1,4696,92222
Partitions scanned,,679,65332,1,65004,65332,1,26895,65332,1,3370,65332
Partitions scanned,,680,89982,1,89559,89982,1,37149,89982,0,4628,89982
Partitions scanned,,681,37712,1,37544,37712,1,15721,37712,0,2017,37712
Partitions scanned,,682,69941,1,69598,69941,1,28746,69941,1,3544,69941
Partitions scanned,,683,81078,1,80690,81078,1,33340,81078,1,4167,81078
Partitions scanned,,684,9298,1,9259,9298,1,3832,9298,1,463,9298
Partitions scanned,,685,66739,1,66408,66739,1,27814,66739,1,3404,66739
Partitions scanned,,686,44427,1,44238,44427,1,18235,44427,0,2291,44427
Partitions scanned,,687,83130,1,82710,83130,1,34419,83130,1,4271,83130
Partitions scanned,,688,19045,1,18958,19045,1,7831,19045,1,994,19045
Partitions scanned,,689,77237,1,76861,77237,1,31990,77237,1,4039,77237
Partitions scanned,,690,49178,1,48936,49178,1,20371,49178,0,2562,49178
Partitions scanned,,691,49153,1,48924,49153,1,20452,49153,1,2603,49153
Partitions scanned,,692,61957,1,61647,61957,1,25589,61957,0,3202,61957
Partitions scanned,,693,74355,0,73953,74355,0,30515,74355,0,3841,74355
Partitions scanned,,694,60210,1,59906,60210,1,25015,60210,0,3190,60210
Partitions scanned,,695,61235,1,60927,61235,1,25276,61235,0,3137,61235
Partitions scanned,,696,15549,1,15469,15549,1,6301,15549,1,811,15549
Partitions scanned,,697,87513,1,87097,87513,1,36348,87513,1,4558,87513
Partitions scanned,,698,47580,1,47346,47580,1,19534,47580,1,2420,47580
Partitions scanned,,699,98658,1,98199,98658,1,40628,98658,1,5028,98658
Partitions scanned,,700,12891,0,12816,12891,0,5243,12891,0,618,12891
Partitions scanned,,701,41661,1,41460,41661,1,17149,41661,1,2112,41661
Partitions scanned,,702,29941,1,29803,29941,1,12398,29941,1,1607,29941
Partitions scanned,,703,51716,1,51436,51716,1,21415,51716,0,2657,51716
Partitions scanned,,704,19683,1,19572,19683,1,8068,19683,1,1036,19683
Partitions scanned,,705,58112,1,57833,58112,1,23885,58112,1,3016,58112
Partitions scanned,,706,38606,1,38413,38606,1,15863,38606,1,1988,38606
Partitions scanned,,707,52593,1,52317,52593,1,21750,52593,1,2761,52593
Partitions scanned,,708,99064,1,98548,99064,1,40791,99064,1,5138,99064
Partitions scanned,,709,34464,1,34293,34464,1,14244,34464,1,1772,34464
Partitions scanned,,710,44642,1,44443,44642,1,18240,44642,1,2239,44642
Partitions scanned,,711,17839,1,17761,17839,1,7391,17839,0,949,17839
Partitions scanned,,712,66902,1,66560,66902,1,27407,66902,0,3441,66902
Partitions scanned,,713,71884,1,71509,71884,1,29344,71884,1,3678,71884
Partitions scanned,,714,93299,1,92841,93299,1,38648,93299,0,4821,93299
Partitions scanned,,715,81186,1,80790,81186,1,33518,81186,1,4203,81186
Partitions scanned,,716,73323,1,72935,73323,1,30190,73323,1,3733,73323
Partitions scanned,,717,6058,1,6033,6058,1,2535,6058,1,315,6058
Partitions scanned,,718,15506,1,15438,15506,1,6275,15506,1,744,15506
Partitions scanned,,719,89118,1,88714,89118,1,36637,89118,1,4571,89118
Partitions scanned,,720,56613,1,56312,56613,1,23233,56613,1,2831,56613
Partitions scanned,,721,18859,1,18783,18859,0,7782,18859,0,969,18859
Partitions scanned,,722,28090,1,27946,28090,1,11557,28090,1,1552,28090
Partitions scanned,,723,28298,1,28139,28298,1,11698,28298,0,1462,28298
Partitions scanned,,724,82372,1,81981,82372,1,33869,82372,0,4241,82372
Partitions scanned,,725,1754,1,1749,1754,1,771,1754,1,96,1754
Partitions scanned,,726,7509,1,7487,7509,0,3103,7509,0,345,7509
Partitions scanned,,727,4333,1,4313,4333,1,1760,4333,1,239,4333
Partitions scanned,,728,25519,1,25382,25519,1,10618,25519,1,1294,25519
Partitions scanned,,729,55255,1,55005,55255,1,22794,55255,1,2887,55255
Partitions scanned,,730,90013,1,89592,90013,1,37004,90013,1,4641,90013
Partitions scanned,,731,11219,1,11161,11219,1,4635,11219,1,556,11219
Partitions scanned,,732,66905,1,66551,66905,1,27332,66905,1,3463,66905
Partitions scanned,,733,13602,1,13530,13602,1,5631,13602,1,663,13602
Partitions scanned,,734,49012,1,48761,49012,1,20281,49012,1,2533,49012
Partitions scanned,,735,35984,1,35794,35984,1,14699,35984,1,1806,35984
Partitions scanned,,736,69956,1,69603,69956,1,28938,69956,1,3677,69956
Partitions scanned,,737,93210,1,92733,93210,1,38454,93210,1,4901,93210
Partitions scanned,,738,62459,1,62166,62459,1,25760,62459,1,3281,62459
Partitions scanned,,739,29859,1,29699,29859,1,12394,29859,0,1597,29859
Partitions scanned,,740,90248,1,89793,90248,0,37522,90248,0,4768,90248
Partitions scanned,,741,72360,1,71996,72360,1,29947,72360,1,3713,72360
Partitions scanned,,742,33585,1,33427,33585,1,13611,33585,0,1690,33585
Partitions scanned,,743,81060,1,80662,81060,1,33533,81060,1,4164,81060
Partitions scanned,,744,34877,1,34716,34877,1,14260,34877,0,1774,34877
Partitions scanned,,745,29479,1,29349,29479,1,12178,29479,1,1487,29479
Partitions scanned,,746,99356,1,98856,99356,1,41040,99356,1,5208,99356
Partitions scanned,,747,87808,1,87368,87808,1,36112,87808,1,4462,87808
Partitions scanned,,748,61352,1,61029,61352,1,25316,61352,0,3220,61352
Partitions scanned,,749,61300,1,60988,61300,1,25637,61300,1,3174,61300
Partitions scanned,,750,24021,1,23907,24021,1,9827,24021,0,1243,24021
Partitions scanned,,751,2526,1,2518,2526,1,1038,2526,0,135,2526
Partitions scanned,,752,64412,1,64092,64412,1,26729,64412,0,3268,64412
Partitions scanned,,753,11917,1,11860,11917,1,4881,11917,0,607,11917
Partitions scanned,,754,2379,1,2364,2379,1,962,2379,1,131,2379
Partitions scanned,,755,93621,1,93113,93621,1,38725,93621,1,4883,93621
Partitions scanned,,756,5044,1,5016,5044,1,2037,5044,1,263,5044
Partitions scanned,,757,50250,1,50016,50250,1,20663,50250,1,2568,50250
Partitions scanned,,758,86467,1,86026,86467,1,35522,86467,1,4356,86467
Partitions scanned,,759,31022,1,30859,31022,1,12785,31022,0,1628,31022
Partitions scanned,,760,27988,1,27857,27988,1,11482,27988,1,1452,27988
Partitions scanned,,761,63021,1,62724,63021,1,26002,63021,1,3229,63021
Partitions scanned,,762,36776,1,36606,36776,1,15205,36776,0,1856,36776
Partitions scanned,,763,67616,1,67269,67616,1,28006,67616,1,3559,67616
Partitions scanned,,764,51522,1,51285,51522,1,21233,51522,1,2656,51522
Partitions scanned,,765,41753,1,41550,41753,1,17100,41753,1,2233,41753
Partitions scanned,,766,3244,1,3227,3244,1,1336,3244,1,173,3244
Partitions scanned,,767,25836,1,25704,25836,0,10649,25836,0,1354,25836
Partitions scanned,,768,66800,1,66457,66800,1,27588,66800,1,3392,66800
Partitions scanned,,769,99135,1,98663,99135,1,40440,99135,0,5199,99135
Partitions scanned,,770,91285,1,90839,91285,1,37653,91285,1,4699,91285
Partitions scanned,,771,35194,1,35017,35194,1,14436,35194,1,1773,35194
Partitions scanned,,772,11527,1,11460,11527,1,4651,11527,1,586,11527
Partitions scanned,,773,41041,1,40843,41041,1,17042,41041,0,2156,41041
Partitions scanned,,774,61012,1,60697,61012,1,25249,61012,1,3145,61012
Partitions scanned,,775,56375,1,56116,56375,1,23247,56375,1,2970,56375
Partitions scanned,,776,17650,1,17556,17650,1,7278,17650,1,917,17650
Partitions scanned,,777,35881,1,35728,35881,1,14826,35881,0,1828,35881
Partitions scanned,,778,25504,1,25384,25504,1,10361,25504,1,1272,25504
Partitions scanned,,779,85779,1,85382,85779,1,35196,85779,0,4417,85779
Partitions scanned,,780,49937,1,49707,49937,1,20825,49937,1,2615,49937
Partitions scanned,,781,37016,1,36841,37016,1,15363,37016,0,1947,37016
Partitions scanned,,782,76864,1,76450,76864,1,31762,76864,1,3928,76864
Partitions scanned,,783,83465,1,83060,83465,1,34213,83465,0,4388,83465
Partitions scanned,,784,16548,1,16461,16548,1,6805,16548,1,848,16548
Partitions scanned,,785,97189,1,96675,97189,1,40242,97189,1,5119,97189
Partitions scanned,,786,98125,1,97616,98125,1,40708,98125,1,5071,98125
Partitions scanned,,787,113,1,112,113,1,48,113,0,7,113
Partitions scanned,,788,23525,1,23409,23525,1,9668,23525,1,1252,23525
Partitions scanned,,789,76324,1,75950,76324,1,31277,76324,1,3958,76324
Partitions scanned,,790,70662,1,70314,70662,1,29130,70662,1,3617,70662
Partitions scanned,,791,5542,1,5512,5542,1,2299,5542,0,284,5542
Partitions scanned,,792,8573,1,8536,8573,1,3564,8573,0,450,8573
Partitions scanned,,793,3095,1,3079,3095,1,1296,3095,0,148,3095
Partitions scanned,,794,15866,1,15765,15866,1,6461,15866,1,814,15866
Partitions scanned,,795,45679,1,45437,45679,1,18952,45679,1,2424,45679
Partitions scanned,,796,57486,1,57192,57486,1,23662,57486,0,3005,57486
Partitions scanned,,797,65295,1,64954,65295,1,26835,65295,1,3337,65295
Partitions scanned,,798,3347,1,3329,3347,1,1351,3347,1,199,3347
Partitions scanned,,799,444,1,444,444,1,189,444,1,28,444
Partitions scanned,,800,35830,1,35643,35830,1,14771,35830,1,1959,35830
Partitions scanned,,801,24844,1,24719,24844,1,10360,24844,0,1328,24844
Partitions scanned,,802,56031,1,55719,56031,1,22814,56031,0,2834,56031
Partitions scanned,,803,78676,1,78292,78676,1,32707,78676,0,4030,78676
Partitions scanned,,804,9315,1,9266,9315,1,3792,9315,0,504,9315
Partitions scanned,,805,71000,1,70668,71000,1,29082,71000,1,3644,71000
Partitions scanned,,806,95698,1,95206,95698,1,39346,95698,1,4936,95698
Partitions scanned,,807,24725,1,24621,24725,1,10188,24725,0,1214,24725
Partitions scanned,,808,67888,1,67565,67888,1,28029,67888,1,3519,67888
Partitions scanned,,809,92134,1,91671,92134,1,37890,92134,1,4919,92134
Partitions scanned,,810,66834,1,66491,66834,1,27411,66834,1,3422,66834
Partitions scanned,,811,58716,1,58418,58716,1,24142,58716,1,3087,58716
Partitions scanned,,812,65575,1,65227,65575,1,26904,65575,1,3379,65575
Partitions scanned,,813,29609,1,29465,29609,1,12197,29609,1,1566,29609
Partitions scanned,,814,78052,1,77685,78052,1,32196,78052,1,4165,78052
Partitions scanned,,815,3622,1,3598,3622,1,1479,3622,1,175,3622
Partitions scanned,,816,93710,1,93276,93710,1,38567,93710,1,4854,93710
Partitions scanned,,817,87272,1,86830,87272,1,35842,87272,1,4432,87272
Partitions scanned,,818,68121,1,67805,68121,1,28072,68121,1,3520,68121
Partitions scanned,,819,40156,1,39952,40156,1,16552,40156,1,2067,40156
Partitions scanned,,820,1674,1,1670,1674,1,676,1674,1,89,1674
Partitions scanned,,821,76277,1,75869,76277,1,31365,76277,1,4077,76277
Partitions scanned,,822,21935,1,21820,21935,1,8945,21935,0,1117,21935
Partitions scanned,,823,89680,1,89244,89680,1,36929,89680,0,4698,89680
Partitions scanned,,824,67802,1,67429,67802,1,27995,67802,0,3455,67802
Partitions scanned,,825,29216,1,29052,29216,1,12116,29216,1,1503,29216
Partitions scanned,,826,54221,1,53962,54221,1,22416,54221,1,2850,54221
Partitions scanned,,827,30499,1,30338,30499,1,12487,30499,1,1592,30499
Partitions scanned,,828,12560,1,12489,12560,1,5150,12560,1,671,12560
Partitions scanned,,829,22156,1,22041,22156,1,9263,22156,1,1123,22156
Partitions scanned,,830,85885,1,85459,85885,1,35467,85885,0,4526,85885
Partitions scanned,,831,97662,1,97174,97662,1,40200,97662,1,4943,97662
Partitions scanned,,832,36585,1,36395,36585,1,15175,36585,0,1894,36585
Partitions scanned,,833,42532,1,42325,42532,1,17677,42532,1,2161,42532
Partitions scanned,,834,31160,1,31027,31160,1,12861,31160,0,1614,31160
Partitions scanned,,835,36425,1,36269,36425,1,15007,36425,1,1888,36425
Partitions scanned,,836,41329,1,41139,41329,1,17128,41329,1,2157,41329
Partitions scanned,,837,11479,1,11418,11479,1,4747,11479,1,576,11479
Partitions scanned,,838,22582,1,22499,22582,1,9328,22582,0,1171,22582
Partitions scanned,,839,57613,1,57350,57613,1,23676,57613,1,2915,57613
Partitions scanned,,840,38932,1,38750,38932,1,16133,38932,1,1975,38932
Partitions scanned,,841,63692,1,63392,63692,1,26238,63692,1,3276,63692
Partitions scanned,,842,6797,1,6768,6797,1,2809,6797,1,337,6797
Partitions scanned,,843,2309,1,2296,2309,1,950,2309,0,116,2309
Partitions scanned,,844,99741,1,99230,99741,0,41132,99741,0,5282,99741
Partitions scanned,,845,43749,1,43552,43749,1,17907,43749,1,2195,43749
Partitions scanned,,846,22604,1,22510,22604,0,9310,22604,0,1128,22604
Partitions scanned,,847,12274,1,12209,12274,1,5064,12274,1,629,12274
Partitions scanned,,848,39891,1,39694,39891,1,16334,39891,1,2066,39891
Partitions scanned,,849,96874,1,96420,96874,1,39976,96874,1,4884,96874
Partitions scanned,,850,61829,1,61531,61829,1,25596,61829,1,3170,61829
Partitions scanned,,851,39504,1,39304,39504,1,16368,39504,1,2059,39504
Partitions scanned,,852,13707,1,13649,13707,1,5589,13707,1,676,13707
Partitions scanned,,853,67715,1,67366,67715,1,28003,67715,1,3563,67715
Partitions scanned,,854,66922,1,66583,66922,1,27531,66922,1,3524,66922
Partitions scanned,,855,52622,1,52369,52622,1,21722,52622,1,2734,52622
Partitions scanned,,856,4892,1,4872,4892,1,2012,4892,1,252,4892
Partitions scanned,,857,82260,1,81854,82260,1,34073,82260,1,4320,82260
Partitions scanned,,858,79848,1,79451,79848,1,32883,79848,1,4083,79848
Partitions scanned,,859,94340,1,93842,94340,1,38874,94340,1,4899,94340
Partitions scanned,,860,41431,1,41229,41431,1,17103,41431,1,2154,41431
Partitions scanned,,861,74771,1,74408,74771,1,30756,74771,1,3883,74771
Partitions scanned,,862,13267,1,13209,13267,1,5423,13267,0,684,13267
Partitions scanned,,863,39003,1,38810,39003,1,16024,39003,1,1978,39003
Partitions scanned,,864,68378,1,68029,68378,1,28081,68378,1,3555,68378
Partitions scanned,,865,92899,1,92423,92899,1,38329,92899,0,4732,92899
Partitions scanned,,866,54179,1,53899,54179,1,22405,54179,1,2839,54179
Partitions scanned,,867,70538,1,70182,70538,1,29006,70538,1,3615,70538
Partitions scanned,,868,13589,1,13507,13589,1,5509,13589,1,671,13589
Partitions scanned,,869,55804,1,55517,55804,1,23071,55804,0,2802,55804
Partitions scanned,,870,17434,1,17352,17434,1,7184,17434,1,884,17434
Partitions scanned,,871,84988,1,84586,84988,1,35274,84988,1,4599,84988
Partitions scanned,,872,9257,1,9216,9257,1,3897,9257,1,509,9257
Partitions scanned,,873,17055,1,16966,17055,1,7025,17055,1,894,17055
Partitions scanned,,874,56725,1,56429,56725,1,23368,56725,0,3036,56725
Partitions scanned,,875,81965,1,81547,81965,1,33909,81965,0,4245,81965
Partitions scanned,,876,8814,1,8772,8814,1,3694,8814,1,457,8814
Partitions scanned,,877,42587,1,42395,42587,1,17609,42587,0,2287,42587
Partitions scanned,,878,86008,1,85571,86008,1,35528,86008,0,4511,86008
Partitions scanned,,879,7315,1,7275,7315,1,2965,7315,0,391,7315
Partitions scanned,,880,6021,1,5989,6021,1,2455,6021,0,324,6021
Partitions scanned,,881,24695,1,24588,24695,1,10118,24695,0,1245,24695
Partitions scanned,,882,52583,1,52306,52583,1,21548,52583,0,2736,52583
Partitions scanned,,883,33013,1,32867,33013,1,13538,33013,1,1694,33013
Partitions scanned,,884,32591,1,32435,32591,1,13449,32591,1,1647,32591
Partitions scanned,,885,85689,1,85230,85689,1,35164,85689,0,4484,85689
Partitions scanned,,886,79840,1,79435,79840,1,32789,79840,1,4128,79840
Partitions scanned,,887,42530,1,42288,42530,1,17539,42530,1,2251,42530
Partitions scanned,,888,72462,1,72101,72462,1,29657,72462,1,3736,72462
Partitions scanned,,889,93601,1,93105,93601,1,38492,93601,1,4931,93601
Partitions scanned,,890,32412,1,32260,32412,1,13369,32412,1,1690,32412
Partitions scanned,,891,92535,1,92098,92535,1,38400,92535,0,4819,92535
Partitions scanned,,892,77991,1,77576,77991,0,32268,77991,0,4112,77991
Partitions scanned,,893,89650,1,89190,89650,1,37111,89650,1,4674,89650
Partitions scanned,,894,73774,1,73413,73774,1,30165,73774,1,3795,73774
Partitions scanned,,895,81248,1,80842,81248,1,33409,81248,1,4178,81248
Partitions scanned,,896,91335,1,90896,91335,1,37469,91335,1,4732,91335
Partitions scanned,,897,9180,1,9132,9180,1,3775,9180,1,503,9180
Partitions scanned,,898,8967,1,8919,8967,1,3672,8967,1,476,8967
Partitions scanned,,899,86484,1,86080,86484,1,35734,86484,1,4441,86484
Partitions scanned,,900,73430,1,73060,73430,1,30346,73430,1,3834,73430
Partitions scanned,,901,76817,1,76471,76817,1,31751,76817,0,4001,76817
Partitions scanned,,902,65276,1,64951,65276,1,27060,65276,1,3460,65276
Partitions scanned,,903,28967,1,28829,28967,1,12001,28967,1,1494,28967
Partitions scanned,,904,87525,1,87088,87525,1,36160,87525,0,4513,87525
Partitions scanned,,905,89897,1,89464,89897,1,37088,89897,1,4668,89897
Partitions scanned,,906,78154,1,77771,78154,1,32181,78154,0,4011,78154
Partitions scanned,,907,54732,1,54441,54732,0,22374,54732,0,2790,54732
Partitions scanned,,908,6008,1,5987,6008,1,2471,6008,1,313,6008
Partitions scanned,,909,25773,1,25645,25773,1,10660,25773,0,1382,25773
Partitions scanned,,910,70306,1,69988,70306,1,28964,70306,0,3689,70306
Partitions scanned,,911,32533,1,32376,32533,1,13369,32533,0,1663,32533
Partitions scanned,,912,8260,1,8223,8260,1,3390,8260,1,425,8260
Partitions scanned,,913,45746,1,45524,45746,1,18796,45746,0,2451,45746
Partitions scanned,,914,68762,1,68425,68762,1,28160,68762,1,3641,68762
Partitions scanned,,915,37013,1,36821,37013,1,15281,37013,1,1987,37013
Partitions scanned,,916,63269,1,62955,63269,0,26103,63269,0,3241,63269
Partitions scanned,,917,27120,1,26981,27120,1,11173,27120,1,1445,27120
Partitions scanned,,918,57573,1,57309,57573,1,23650,57573,0,2956,57573
Partitions scanned,,919,68110,1,67789,68110,1,28209,68110,1,3569,68110
Partitions scanned,,920,1876,1,1864,1876,1,746,1876,1,84,1876
Partitions scanned,,921,29393,1,29242,29393,1,12081,29393,1,1587,29393
Partitions scanned,,922,14731,1,14644,14731,1,6015,14731,1,773,14731
Partitions scanned,,923,12820,1,12755,12820,1,5371,12820,1,667,12820
Partitions scanned,,924,51890,1,51632,51890,1,21438,51890,1,2665,51890
Partitions scanned,,925,6357,1,6321,6357,1,2600,6357,1,294,6357
Partitions scanned,,926,58759,1,58458,58759,1,24171,58759,1,3091,58759
Partitions scanned,,927,75836,1,75456,75836,1,31212,75836,1,3767,75836
Partitions scanned,,928,50673,1,50425,50673,1,21044,50673,1,2629,50673
Partitions scanned,,929,59248,1,58947,59248,1,24449,59248,1,3157,59248
Partitions scanned,,930,61957,1,61648,61957,1,25453,61957,1,3098,61957
Partitions scanned,,931,50182,1,49912,50182,1,20720,50182,1,2598,50182
Partitions scanned,,932,11867,1,11813,11867,1,4939,11867,0,651,11867
Partitions scanned,,933,96670,1,96174,96670,1,39885,96670,0,4983,96670
Partitions scanned,,934,78382,1,78006,78382,1,32154,78382,1,4060,78382
Partitions scanned,,935,54553,1,54308,54553,1,22134,54553,1,2765,54553
Partitions scanned,,936,90587,1,90156,90587,1,37274,90587,1,4693,90587
Partitions scanned,,937,38261,1,38071,38261,1,15618,38261,1,1952,38261
Partitions scanned,,938,99442,1,98962,99442,1,40975,99442,1,5189,99442
Partitions scanned,,939,56615,1,56331,56615,1,23333,56615,1,2875,56615
Partitions scanned,,940,46230,1,45982,46230,1,19216,46230,1,2444,46230
Partitions scanned,,941,89646,1,89225,89646,1,36816,89646,1,4545,89646
Partitions scanned,,942,71985,1,71638,71985,1,29714,71985,0,3622,71985
Partitions scanned,,943,68069,1,67741,68069,1,27968,68069,1,3539,68069
Partitions scanned,,944,55752,1,55452,55752,1,22817,55752,1,2893,55752
Partitions scanned,,945,32972,1,32833,32972,1,13618,32972,1,1729,32972
Partitions scanned,,946,29920,1,29765,29920,1,12279,29920,1,1528,29920
Partitions scanned,,947,18466,1,18363,18466,1,7683,18466,1,934,18466
Partitions scanned,,948,65867,1,65552,65867,0,27083,65867,0,3436,65867
Partitions scanned,,949,70099,1,69790,70099,1,28975,70099,0,3685,70099
Partitions scanned,,950,21015,1,20900,21015,1,8583,21015,1,1105,21015
Partitions scanned,,951,30003,1,29875,30003,1,12290,30003,1,1490,30003
Partitions scanned,,952,83368,1,82918,83368,1,34531,83368,1,4482,83368
Partitions scanned,,953,39463,1,39266,39463,1,16383,39463,1,2064,39463
Partitions scanned,,954,91313,1,90831,91313,1,37715,91313,1,4672,91313
Partitions scanned,,955,66841,1,66513,66841,1,27582,66841,0,3429,66841
Partitions scanned,,956,31401,1,31240,31401,1,12908,31401,1,1599,31401
Partitions scanned,,957,98399,1,97914,98399,1,40427,98399,1,5176,98399
Partitions scanned,,958,53356,1,53069,53356,1,22046,53356,0,2809,53356
Partitions scanned,,959,28936,1,28808,28936,1,12070,28936,0,1428,28936
Partitions scanned,,960,82962,1,82541,82962,1,34089,82962,0,4256,82962
Partitions scanned,,961,45044,1,44833,45044,0,18522,45044,0,2277,45044
Partitions scanned,,962,84886,1,84466,84886,1,34916,84886,1,4405,84886
Partitions scanned,,963,22240,1,22125,22240,1,9217,22240,1,1118,22240
Partitions scanned,,964,68299,1,67954,68299,1,28150,68299,1,3424,68299
Partitions scanned,,965,96338,1,95854,96338,1,39632,96338,1,5009,96338
Partitions scanned,,966,98961,1,98460,98961,1,40718,98961,1,5163,98961
Partitions scanned,,967,95148,1,94686,95148,0,39328,95148,0,4969,95148
Partitions scanned,,968,6082,1,6057,6082,1,2439,6082,0,303,6082
Partitions scanned,,969,69913,1,69536,69913,1,28976,69913,1,3585,69913
Partitions scanned,,970,22773,1,22660,22773,1,9426,22773,1,1144,22773
Partitions scanned,,971,74655,1,74316,74655,1,30587,74655,1,3848,74655
Partitions scanned,,972,15192,1,15122,15192,0,6207,15192,0,783,15192
Partitions scanned,,973,32103,1,31943,32103,1,13134,32103,1,1765,32103
Partitions scanned,,974,32219,1,32061,32219,1,13371,32219,1,1692,32219
Partitions scanned,,975,17433,1,17347,17433,1,7169,17433,0,916,17433
Partitions scanned,,976,41825,1,41610,41825,1,17252,41825,0,2181,41825
Partitions scanned,,977,81694,1,81289,81694,1,33936,81694,0,4110,81694
Partitions scanned,,978,8940,1,8898,8940,1,3674,8940,1,479,8940
Partitions scanned,,979,23102,1,23002,23102,1,9552,23102,1,1139,23102
Partitions scanned,,980,33241,1,33058,33241,1,13623,33241,1,1692,33241
Partitions scanned,,981,28600,1,28468,28600,0,11690,28600,0,1499,28600
Partitions scanned,,982,14858,1,14786,14858,1,6148,14858,1,748,14858
Partitions scanned,,983,44173,1,43974,44173,1,18040,44173,1,2189,44173
Partitions scanned,,984,60751,1,60442,60751,1,25175,60751,0,3205,60751
Partitions scanned,,985,25696,1,25564,25696,1,10578,25696,0,1372,25696
Partitions scanned,,986,21727,1,21624,21727,1,8934,21727,1,1131,21727
Partitions scanned,,987,53625,1,53378,53625,1,22185,53625,1,2862,53625
Partitions scanned,,988,26797,1,26663,26797,1,11087,26797,1,1397,26797
Partitions scanned,,989,45985,1,45765,45985,1,18879,45985,1,2338,45985
Partitions scanned,,990,53496,1,53218,53496,1,22391,53496,1,2793,53496
Partitions scanned,,991,54085,1,53840,54085,1,22389,54085,1,2745,54085
Partitions scanned,,992,26827,1,26685,26827,1,10961,26827,1,1366,26827
Partitions scanned,,993,67902,1,67552,67902,1,28060,67902,1,3535,67902
Partitions scanned,,994,38038,1,37846,38038,1,15663,38038,1,1987,38038
Partitions scanned,,995,70577,1,70242,70577,1,29001,70577,1,3664,70577
Partitions scanned,,996,4026,1,4008,4026,1,1696,4026,0,205,4026
Partitions scanned,,997,90328,1,89863,90328,1,37232,90328,1,4706,90328
Partitions scanned,,998,77356,1,76959,77356,1,31769,77356,1,4054,77356
Partitions scanned,,999,9482,1,9428,9482,1,3896,9482,1,485,9482
Partitions scanned,,1000,22142,1,22031,22142,1,9213,22142,1,1170,22142
